date,open,high,low,last,close,number_of_shares,number_of_trades,turnover,vwap
2024-05-13,186.7,187.9,186.0,187.3,187.3,532512,1217,99636053,187.1057
2024-05-14,187.3,189.8,186.4,187.4,187.4,609376,1455,114592777,188.0494
2024-05-15,187.6,189.4,184.6,185.2,185.2,380430,1409,70832097,186.1896
2024-05-16,185.6,188.7,185.1,188.6,188.6,1701256,1537,300506873,176.6382
2024-05-17,0.0,0.0,0.0,0.0,188.6,0,0,0,0.0
2024-05-20,0.0,0.0,0.0,0.0,188.6,0,0,0,0.0
2024-05-21,188.7,189.4,186.6,188.9,188.9,314774,1092,59323685,188.4655
2024-05-22,188.5,190.0,186.3,186.3,186.3,267048,888,49972006,187.1274
2024-05-23,186.8,187.2,184.4,184.8,184.8,337987,1049,62642883,185.3411
2024-05-24,183.7,185.7,183.1,185.0,185.0,371799,1061,68678734,184.7201
2024-05-27,186.5,189.1,186.3,188.4,188.4,260696,850,49046172,188.1355
2024-05-28,188.9,190.1,186.8,189.3,189.3,434415,1211,82008531,188.7792
2024-05-29,190.0,191.4,187.8,189.2,189.2,514790,1136,97546389,189.4877
2024-05-30,195.0,197.8,193.0,193.0,193.0,1033999,2169,202111848,195.4662
2024-05-31,193.9,195.4,192.1,193.8,193.8,673736,1623,130701045,193.9945
2024-06-03,196.0,197.5,191.1,191.8,191.8,346888,1222,67219907,193.7799
2024-06-04,191.0,191.2,182.7,185.0,185.0,672877,1887,124633515,185.2248
2024-06-05,185.7,189.0,185.1,188.6,188.6,405164,1079,76227940,188.141
2024-06-06,189.5,189.8,188.2,189.4,189.4,289277,939,54735648,189.2153
2024-06-07,189.0,189.0,186.0,188.3,188.3,275024,881,51665861,187.8595
2024-06-10,186.1,190.2,186.0,190.2,190.2,270279,722,51273486,189.7058
2024-06-11,191.1,191.4,187.4,188.1,188.1,241137,765,45441727,188.4478
2024-06-12,190.5,194.8,190.3,192.2,192.2,628397,1353,121137405,192.772
2024-06-13,192.4,193.7,189.1,189.8,189.8,421751,1353,80403503,190.6421
2024-06-14,189.6,190.5,186.6,188.2,188.2,398433,1207,75063083,188.3964
2024-06-17,188.2,190.2,186.8,188.9,188.9,293092,984,55317589,188.7409
2024-06-18,189.0,191.7,188.4,191.7,191.7,549365,1389,104905893,190.9585
2024-06-19,194.0,195.7,191.2,191.5,191.5,469216,1173,90266721,192.3778
2024-06-20,192.0,196.0,190.5,195.5,195.5,771575,1278,150220371,194.6932
2024-06-21,195.2,197.0,194.6,196.3,196.3,1030149,2111,198076323,192.2793
2024-06-24,196.2,197.1,194.4,197.0,197.0,399337,1391,78338050,196.1716
2024-06-25,197.0,198.2,195.6,196.2,196.2,312930,806,61514177,196.5749
2024-06-26,197.1,200.6,194.6,195.6,195.6,1083657,2046,214564638,198.0005
2024-06-27,196.0,199.5,196.0,198.6,198.6,323568,1175,64234937,198.5207
2024-06-28,199.1,202.6,199.1,200.8,200.8,395047,954,79385817,200.9528
2024-07-01,201.8,203.6,201.0,201.6,201.6,379850,1132,76664529,201.8284
2024-07-02,201.4,203.0,200.2,201.4,201.4,770944,1265,155497165,201.6971
2024-07-03,202.6,202.8,201.2,201.8,201.8,306275,867,61816519,201.8334
2024-07-04,202.4,203.0,201.0,201.0,201.0,229411,839,46280392,201.7357
2024-07-05,201.6,204.0,199.8,199.8,199.8,386373,1149,77760669,201.258
2024-07-08,199.8,201.0,198.4,199.0,199.0,405778,1145,80865102,199.2841
2024-07-09,198.9,199.5,197.8,199.5,199.5,427567,1146,85124547,199.0905
2024-07-10,197.0,199.6,196.6,199.1,199.1,354960,1220,70551394,198.7587
2024-07-11,199.2,199.4,196.4,197.6,197.6,350047,1250,69232090,197.7797
2024-07-12,198.0,203.6,198.0,201.2,201.2,529355,1503,106570145,201.3207
2024-07-15,200.6,202.6,199.2,199.7,199.7,395035,1145,79147580,200.3559
2024-07-16,199.8,200.8,198.4,199.5,199.5,257916,854,51498849,199.673
2024-07-17,199.8,204.8,199.8,203.8,203.8,524978,1046,106686521,203.2209
2024-07-18,204.4,207.0,203.8,206.2,206.2,555318,1347,114347507,205.9141
2024-07-19,206.2,210.0,205.0,208.8,208.8,1659379,1417,338749280,204.139
2024-07-22,208.8,211.0,208.2,211.0,211.0,445406,1337,93665425,210.2922
2024-07-23,211.0,212.2,208.6,208.8,208.8,667488,1161,139842430,209.5055
2024-07-24,208.8,211.0,206.8,208.8,208.8,625772,1531,130846907,209.0986
2024-07-25,214.0,216.4,207.8,215.2,215.2,1024093,2846,219034101,213.8808
2024-07-26,216.0,218.2,208.6,209.4,209.4,852072,2543,181152078,212.6018
2024-07-29,211.4,214.0,208.2,210.2,210.2,598376,1211,126000614,210.5709
2024-07-30,210.2,211.6,208.0,209.0,209.0,394052,977,82459086,209.2594
2024-07-31,212.0,213.6,210.2,210.2,210.2,589536,1219,124355930,210.9387
2024-08-01,211.0,212.2,205.6,206.4,206.4,722121,1140,140296101,194.2393
2024-08-02,204.6,205.0,201.2,202.6,202.6,669336,1543,136401789,203.8071
2024-08-05,188.0,194.6,187.1,188.1,188.1,967872,2670,183297787,189.3823
2024-08-06,193.0,195.9,189.2,191.8,191.8,607349,2037,116548566,191.8972
2024-08-07,194.6,195.3,191.8,193.0,193.0,807340,1735,156139025,193.3993
2024-08-08,192.4,193.1,186.6,189.0,189.0,529340,1726,99929693,188.7817
2024-08-09,189.3,191.2,189.0,190.4,190.4,307552,1209,58516777,190.2663
2024-08-12,191.0,192.3,190.3,191.9,191.9,245584,928,47061840,191.6324
2024-08-13,192.7,193.4,190.8,191.5,191.5,277761,968,53238791,191.6712
2024-08-14,191.9,193.9,191.0,193.4,193.4,311783,885,60233076,193.1891
2024-08-15,194.0,196.1,193.1,195.6,195.6,240012,743,46863497,195.2548
2024-08-16,197.7,198.8,195.6,197.3,197.3,1184309,1249,239864750,202.5356
2024-08-19,197.2,198.2,195.2,197.4,197.4,136644,620,26955579,197.2687
2024-08-20,196.0,201.0,193.5,195.0,195.0,289808,850,56652546,195.483
2024-08-21,193.6,195.4,192.3,194.2,194.2,218674,900,42461867,194.1789
2024-08-22,193.0,194.8,192.7,193.7,193.7,171162,612,33168613,193.7849
2024-08-23,196.1,197.1,194.7,195.9,195.9,223616,678,43808815,195.9109
2024-08-26,194.8,199.4,194.6,198.4,198.4,225639,897,44617410,197.738
2024-08-27,198.0,199.0,194.8,196.0,196.0,222702,822,43696251,196.2095
2024-08-28,193.8,193.9,186.1,188.0,188.0,568117,1811,107778045,189.711
2024-08-29,187.2,190.9,185.7,190.9,190.9,290407,1041,55123004,189.8129
2024-08-30,190.7,191.1,187.2,189.2,189.2,530156,1034,100410416,189.3979
2024-09-02,187.6,189.4,186.7,187.9,187.9,266551,766,50118799,188.0271
2024-09-03,188.0,188.4,183.8,183.8,183.8,334972,1140,62010448,185.1213
2024-09-04,181.5,187.0,181.2,186.5,186.5,433590,1365,80921411,186.6313
2024-09-05,186.5,186.5,184.2,185.9,185.9,291664,1046,54150510,185.6621
2024-09-06,184.0,186.0,183.1,185.6,185.6,386406,937,71581547,185.2496
2024-09-09,180.0,180.5,175.3,180.3,180.3,705781,2665,126085917,178.6471
2024-09-10,178.5,180.8,173.8,175.0,175.0,565251,1582,99373484,175.7994
2024-09-11,175.0,177.7,174.5,176.1,176.1,410792,1387,72433451,176.3263
2024-09-12,178.6,179.5,177.9,179.3,179.3,360757,1209,64554032,178.9423
2024-09-13,180.0,182.6,179.6,182.3,182.3,238025,885,43326988,182.027
2024-09-16,181.5,183.5,180.6,182.9,182.9,216254,794,39512719,182.7144
2024-09-17,183.3,184.6,182.7,184.5,184.5,360410,1023,66393504,184.2166
2024-09-18,185.1,186.2,183.9,186.1,186.1,568761,1159,105661513,185.7758
2024-09-19,187.9,189.4,187.4,188.6,188.6,616016,1292,116145929,188.5454
2024-09-20,188.8,189.8,186.9,189.2,189.2,1441296,1573,263927890,183.1185
2024-09-23,189.2,189.7,187.7,189.1,189.1,305880,953,57812418,189.0036
2024-09-24,189.0,190.1,187.9,187.9,187.9,424684,1003,80009127,188.3968
2024-09-25,187.2,187.2,180.7,181.8,181.8,562244,1916,102501240,182.3074
2024-09-26,173.1,174.3,167.9,169.1,169.1,1205643,3709,204315655,169.466
2024-09-27,168.5,171.5,168.2,170.5,170.5,637178,1765,108470211,170.2353
2024-09-30,170.7,172.5,168.4,170.5,170.5,351531,1146,59822538,170.1771
2024-10-01,170.0,174.3,168.0,172.9,172.9,506899,1442,87220193,172.0662
2024-10-02,174.0,178.1,174.0,177.0,177.0,422777,1712,74848332,177.0383
2024-10-03,176.0,177.3,174.4,176.4,176.4,460321,1325,80982784,175.9268
2024-10-04,177.0,180.3,176.6,180.0,180.0,472997,1476,84801084,179.2857
2024-10-07,180.5,181.9,179.1,181.0,181.0,463079,1251,83707982,180.7639
2024-10-08,180.0,180.7,175.6,175.7,175.7,529547,1447,93604472,176.7633
2024-10-09,176.2,179.0,176.0,177.1,177.1,376954,1321,66844327,177.3275
2024-10-10,177.3,182.4,177.2,182.4,182.4,505765,1322,91403314,180.7229
2024-10-11,182.1,187.0,180.9,187.0,187.0,893379,1659,166144485,185.9731
2024-10-14,186.4,187.1,184.4,184.5,184.5,518182,1284,95918454,185.0997
2024-10-15,182.7,186.0,176.2,177.9,177.9,887260,2088,158089881,178.1776
2024-10-16,176.8,179.5,176.8,178.7,178.7,614346,1190,109688835,178.5457
2024-10-17,175.2,178.6,175.0,178.6,178.6,369537,1384,65732833,177.8789
2024-10-18,178.7,180.0,175.1,175.1,175.1,475087,1466,83911033,176.6204
2024-10-21,175.3,177.7,175.3,176.5,176.5,297772,1269,52597267,176.636
2024-10-22,177.5,178.7,173.6,176.5,176.5,378733,1500,66566357,175.7606
2024-10-23,176.1,178.5,174.0,175.3,175.3,287382,1159,50338869,175.164
2024-10-24,175.2,178.9,175.2,175.9,175.9,415055,1319,73291358,176.5823
2024-10-25,175.8,178.3,175.8,178.0,178.0,421971,1199,75068627,177.9
2024-10-28,175.5,176.7,171.5,172.5,172.5,689216,2243,119170380,172.9072
2024-10-29,171.7,173.6,167.2,167.3,167.3,1191218,3052,201296635,168.9839
2024-10-30,164.6,168.0,164.6,167.5,167.5,716901,2065,119671216,166.9285
2024-10-31,167.3,169.1,167.0,168.3,168.3,611375,1672,102796495,168.1398
2024-11-01,169.3,172.3,169.0,170.4,170.4,348363,1412,59384393,170.467
2024-11-04,170.4,170.8,168.0,168.7,168.7,555724,1756,93817298,168.82
2024-11-05,168.4,169.6,166.7,169.3,169.3,390317,1295,65987981,169.0625
2024-11-06,167.0,175.3,167.0,173.7,173.7,920557,1948,159509654,173.2748
2024-11-07,174.9,178.9,174.9,177.8,177.8,564844,1712,100288139,177.5502
2024-11-08,178.2,178.8,176.3,177.0,177.0,351335,1541,62292203,177.3014
2024-11-11,179.9,181.6,178.6,180.0,180.0,456328,1107,82120667,179.9597
2024-11-12,179.3,180.9,176.3,176.8,176.8,393482,903,69878493,177.5901
2024-11-13,176.6,177.3,174.7,175.1,175.1,280397,1152,49191507,175.4351
2024-11-14,176.1,177.7,176.1,177.0,177.0,314820,1073,55716458,176.9788
2024-11-15,177.0,181.6,177.0,181.5,181.5,305653,1158,55214161,180.6433
2024-11-18,180.1,181.4,178.8,181.4,181.4,356372,1206,64409052,180.7354
2024-11-19,181.1,182.9,179.3,181.7,181.7,421849,1397,76567010,181.5034
2024-11-20,181.9,184.0,181.4,183.1,183.1,410417,1219,75037189,182.8316
2024-11-21,189.0,190.5,179.7,185.0,185.0,788934,2317,145710405,184.6911
2024-11-22,185.3,187.9,183.9,185.1,185.1,415286,1600,77033675,185.4955
2024-11-25,184.5,186.9,180.9,181.6,181.6,654962,1393,119603360,182.6078
2024-11-26,180.4,180.7,172.6,173.5,173.5,746612,2187,131263790,175.8126
2024-11-27,173.7,176.1,172.2,176.1,176.1,388489,1046,67991757,175.0159
2024-11-28,179.3,179.8,176.2,177.3,177.3,550817,1515,97969183,177.8616
2024-11-29,176.7,177.3,173.2,174.3,174.3,541989,1565,94560327,174.4687
2024-12-02,174.1,175.7,172.4,173.1,173.1,429250,1156,74583458,173.753
2024-12-03,173.8,179.1,173.8,178.5,178.5,600612,1780,106926491,178.0292
2024-12-04,179.3,181.1,178.6,178.9,178.9,425370,1505,76479971,179.7963
2024-12-05,178.7,182.1,176.5,179.8,179.8,436197,1415,78030575,178.8884
2024-12-06,178.4,179.7,172.2,173.1,173.1,454905,1491,79468044,174.6933
2024-12-09,173.3,176.4,173.3,176.4,176.4,394038,965,69339074,175.9797
2024-12-10,175.9,175.9,171.7,173.9,173.9,384842,1169,66803750,173.5875
2024-12-11,172.0,175.2,171.9,172.1,172.1,353867,879,61129757,172.7478
2024-12-12,174.1,178.8,173.6,177.0,177.0,651662,2041,115423045,177.121
2024-12-13,177.7,179.9,176.1,178.3,178.3,387247,1047,69092557,178.4199
2024-12-16,178.3,178.6,176.4,177.4,177.4,215877,823,38289691,177.3681
2024-12-17,179.9,180.6,177.1,178.9,178.9,706567,2052,126468494,178.9901
2024-12-18,178.2,181.5,178.0,178.7,178.7,346856,1067,62143164,179.1613
2024-12-19,177.0,180.3,177.0,179.0,179.0,439058,1179,78631709,179.0918
2024-12-20,178.0,179.0,174.5,176.1,176.1,897191,3378,157994778,176.0994
2024-12-23,177.3,178.4,175.8,177.5,177.5,293731,860,51966573,176.9189
2024-12-24,0.0,0.0,0.0,0.0,177.5,0,0,0,0.0
2024-12-27,178.1,180.0,177.9,179.4,179.4,226405,972,40587097,179.2677
2024-12-30,179.7,180.5,177.2,180.1,180.1,389084,1040,69855839,179.5392
2024-12-31,0.0,0.0,0.0,0.0,180.1,0,0,0,0.0
2025-01-02,183.0,189.8,183.0,189.6,189.6,511058,1523,96171066,188.1803
2025-01-03,191.0,193.0,189.6,192.5,192.5,378891,1265,72697785,191.8699
2025-01-06,193.3,195.3,191.5,195.1,195.1,480770,1274,93298131,194.0598
2025-01-07,194.5,197.5,191.4,193.5,193.5,540988,1412,105031044,194.1467
2025-01-08,193.8,198.5,193.8,196.6,196.6,475926,1270,93651347,196.7771
2025-01-09,195.6,198.0,195.2,197.2,197.2,223569,887,44004632,196.828
2025-01-10,197.0,199.5,196.3,199.0,199.0,417839,1025,83108753,198.9014
2025-01-13,199.2,200.2,195.2,197.6,197.6,444287,1212,87691939,197.3768
2025-01-14,198.9,199.7,197.3,198.3,198.3,340773,1228,67583671,198.3246
2025-01-15,198.6,199.0,195.4,195.7,195.7,458335,1455,89887414,196.1173
2025-01-16,197.1,198.3,195.7,197.2,197.2,426443,1497,83989903,196.9546
2025-01-17,197.9,198.9,196.7,197.5,197.5,409276,1277,80881073,197.6199
2025-01-20,197.2,198.8,196.3,197.2,197.2,150229,720,29659250,197.4269
2025-01-21,196.7,197.4,192.4,194.5,194.5,512893,1478,99679744,194.348
2025-01-22,195.3,197.0,194.2,196.3,196.3,293744,868,57642353,196.2333
2025-01-23,196.5,197.0,195.5,195.8,195.8,442338,936,86709669,196.0258
2025-01-24,195.8,196.6,190.4,191.1,191.1,509108,1642,97909072,192.3149
2025-01-27,190.1,191.0,189.0,191.0,191.0,271242,958,51716967,190.6673
2025-01-28,191.0,191.8,189.5,189.5,189.5,320126,887,60741139,189.7413
2025-01-29,188.2,189.3,185.4,186.2,186.2,394751,1318,73613892,186.4818
2025-01-30,186.0,188.7,186.0,187.5,187.5,288461,1063,54071494,187.4482
2025-01-31,188.3,189.1,186.8,187.3,187.3,460332,1108,86314596,187.5051
2025-02-03,180.3,185.7,180.1,184.1,184.1,232285,963,42734278,183.9735
2025-02-04,184.6,187.6,182.8,187.6,187.6,312978,1250,58262667,186.1558
2025-02-05,188.4,190.2,185.9,187.9,187.9,267690,1186,50297100,187.8931
2025-02-06,188.0,189.4,184.0,184.6,184.6,279224,918,51907208,185.8981
2025-02-07,183.0,185.6,182.4,185.5,185.5,279181,908,51660347,185.0425
2025-02-10,185.3,187.3,185.3,187.3,187.3,137509,617,25703874,186.925
2025-02-11,187.6,190.5,187.4,190.2,190.2,415683,970,78903676,189.8169
2025-02-12,188.4,188.4,185.0,185.4,185.4,346913,1113,64464186,185.8223
2025-02-13,184.2,184.5,179.5,181.3,181.3,621377,1586,112747590,181.448
2025-02-14,180.9,182.5,180.2,181.1,181.1,336972,984,61109042,181.3475
2025-02-17,181.3,183.7,180.6,182.9,182.9,260764,883,47658084,182.7633
2025-02-18,183.3,185.6,182.5,184.7,184.7,214289,801,39557147,184.5972
2025-02-19,185.5,186.6,184.1,184.7,184.7,262420,994,48495950,184.8028
2025-02-20,184.8,186.0,182.0,184.5,184.5,448253,1654,82435330,183.9036
2025-02-21,184.5,186.4,181.5,181.6,181.6,465531,1783,85056846,182.7093
2025-02-24,200.0,200.0,185.7,187.0,187.0,2954175,7427,567721644,192.176
2025-02-25,184.2,185.8,181.8,182.2,182.2,981880,3030,179892008,183.2118
2025-02-26,182.0,186.8,177.8,178.7,178.7,1319151,4450,239203643,181.3315
2025-02-27,177.0,180.5,174.5,178.4,178.4,931985,2954,165849222,177.9527
2025-02-28,176.0,177.5,171.2,172.7,172.7,1285104,1917,222570813,173.1928
2025-03-03,172.0,175.0,168.0,168.0,168.0,855092,1933,144967111,169.5339
2025-03-04,166.0,166.5,158.0,158.0,158.0,1323253,3585,212434490,160.5396
2025-03-05,160.0,162.8,156.8,160.0,160.0,1138262,3214,184213833,161.8378
2025-03-06,161.8,162.9,158.1,158.3,158.3,642315,1799,102336381,159.3243
2025-03-07,158.4,159.7,156.7,158.7,158.7,1037531,1908,167637773,161.5737
2025-03-10,159.2,159.2,152.8,153.3,153.3,991696,2706,153134987,154.4173
2025-03-11,149.8,154.3,148.8,154.3,154.3,581129,2130,88962887,153.0863
2025-03-12,154.2,161.1,154.2,160.4,160.4,669074,1957,106393444,159.016
2025-03-13,159.9,161.4,159.5,160.0,160.0,419346,1486,67183205,160.2095
2025-03-14,159.9,162.6,159.1,162.4,162.4,424616,1014,68740413,161.8884
2025-03-17,162.0,166.0,162.0,165.3,165.3,477678,1408,78877254,165.1264
2025-03-18,166.2,169.6,166.2,167.5,167.5,652803,1590,109580609,167.8617
2025-03-19,167.0,169.9,166.4,168.8,168.8,436772,1103,73767077,168.8915
2025-03-20,169.8,171.0,168.0,171.0,171.0,482587,1401,82126758,170.1802
2025-03-21,171.0,172.0,168.2,168.3,168.3,691085,2132,118994400,172.1849
2025-03-24,169.3,170.8,168.3,170.0,170.0,324105,807,55039095,169.8187
2025-03-25,170.2,171.4,169.0,169.5,169.5,210599,684,35765212,169.8261
2025-03-26,170.1,172.7,168.2,172.4,172.4,429197,1127,73677911,171.6646
2025-03-27,170.7,173.0,169.2,173.0,173.0,509697,1101,87859832,172.3766
2025-03-28,171.4,173.8,169.0,169.3,169.3,356988,1098,60680082,169.9779
2025-03-31,168.0,168.4,166.0,167.6,167.6,422328,1104,70669960,167.3343
2025-04-01,168.1,169.1,165.4,165.4,165.4,296516,722,49253054,166.1059
2025-04-02,165.3,166.0,162.0,162.0,162.0,354285,755,57560145,162.4685
2025-04-03,158.0,160.4,153.3,154.6,154.6,697095,1639,108339158,155.4152
2025-04-04,152.0,153.9,140.5,140.7,140.7,973505,3342,139961470,143.7707
2025-04-07,133.0,143.6,130.9,142.3,142.3,926604,2259,127571501,137.6764
2025-04-08,149.0,149.0,140.2,144.9,144.9,666915,1525,96027113,143.987
2025-04-09,136.7,140.8,135.9,137.4,137.4,525965,1443,72548364,137.9338
2025-04-10,152.2,152.7,140.4,142.1,142.1,646500,2201,92914476,143.7192
2025-04-11,143.0,144.7,139.8,141.4,141.4,260537,1066,36838030,141.3927
2025-04-14,145.4,147.9,143.7,145.5,145.5,255885,1090,37330264,145.8869
2025-04-15,146.5,147.8,145.8,145.9,145.9,260785,793,38160002,146.3274
2025-04-16,145.5,147.8,144.2,145.5,145.5,247853,820,36136553,145.7983
2025-04-17,0.0,0.0,0.0,0.0,145.5,0,0,0,0.0
2025-04-22,144.3,148.0,143.4,144.9,144.9,485462,1338,70707179,145.6493
2025-04-23,146.8,151.2,146.4,147.0,147.0,833790,2591,124098540,148.8367
2025-04-24,147.0,153.8,147.0,151.3,151.3,617596,2012,93480701,151.3622
2025-04-25,155.0,155.6,152.5,153.5,153.5,311293,1242,47914845,153.922
2025-04-28,154.7,158.0,154.3,154.5,154.5,323650,1009,50243489,155.2402
2025-04-29,154.5,157.5,153.4,155.4,155.4,444438,1165,69124846,155.5332
2025-04-30,157.0,158.7,154.3,156.5,156.5,548518,1556,85925957,156.6511
2025-05-02,158.5,161.7,157.2,159.7,159.7,491373,1459,78322307,159.3948
2025-05-05,161.7,162.1,157.0,159.5,159.5,1033845,1927,164831961,159.4359
2025-05-06,158.6,160.3,157.5,160.1,160.1,326788,1033,52126434,159.5115
2025-05-07,159.3,159.9,157.8,159.7,159.7,314838,819,50215535,159.4964
2025-05-08,160.1,161.3,158.4,159.6,159.6,313143,863,50030747,159.7696
2025-05-09,161.3,166.4,161.2,163.5,163.5,510841,1831,83915398,164.2691
2025-05-12,166.6,170.5,166.0,170.0,170.0,443241,1758,75006206,169.2222
2025-05-13,171.0,171.6,168.3,171.0,171.0,366296,1311,62379034,170.2968
2025-05-14,165.9,167.2,163.7,167.2,167.2,414206,1447,68861124,166.2485
2025-05-15,167.8,167.8,164.5,165.0,165.0,372967,1760,61596326,165.1522
2025-05-16,166.3,167.9,165.3,166.2,166.2,429635,1482,71349113,166.0691
2025-05-19,167.0,168.8,164.7,166.5,166.5,366822,1243,61011240,166.3238
2025-05-20,166.6,167.9,166.5,166.8,166.8,444200,778,74145515,166.9192
2025-05-21,168.5,168.6,164.7,167.4,167.4,312220,1251,51934434,166.3392
2025-05-22,164.5,166.1,164.0,165.5,165.5,209711,1018,34643982,165.1987
2025-05-23,166.0,166.9,160.5,163.8,163.8,275932,1474,45261802,164.0324
2025-05-26,167.0,167.0,165.4,166.1,166.1,156411,661,25965456,166.0079
2025-05-27,166.7,173.0,166.6,171.8,171.8,674140,1945,115495985,171.3234
2025-05-28,172.7,175.2,172.0,173.2,173.2,313107,1228,54315817,173.4737
2025-05-29,0.0,0.0,0.0,0.0,173.2,0,0,0,0.0
2025-05-30,170.0,176.5,170.0,173.8,173.8,740073,1644,128908606,174.1836
2025-06-02,174.3,177.0,173.7,174.9,174.9,371904,1233,65299248,175.5809
2025-06-03,177.2,177.8,175.1,176.0,176.0,423154,1416,74595177,176.2838
2025-06-04,176.0,181.3,176.0,179.1,179.1,499205,1508,89610092,179.5056
2025-06-05,179.4,182.1,179.4,179.9,179.9,458381,1675,82883914,180.8188
2025-06-06,179.9,181.2,179.5,180.3,180.3,302721,943,54615020,180.4137
2025-06-09,0.0,0.0,0.0,0.0,180.3,0,0,0,0.0
2025-06-10,181.2,189.7,181.0,188.3,188.3,422787,1661,79153040,187.2173
2025-06-11,187.4,190.4,187.4,188.4,188.4,304936,1186,57519345,188.6276
2025-06-12,188.4,190.6,187.6,189.5,189.5,278151,1060,52659563,189.3201
2025-06-13,189.7,193.9,188.7,188.9,188.9,326270,1114,61883624,189.67
2025-06-16,188.9,189.5,185.5,186.9,186.9,333944,1033,62637843,187.5699
2025-06-17,185.5,189.7,185.5,189.7,189.7,302513,762,57212343,189.1236
2025-06-18,190.5,191.9,189.4,189.6,189.6,290169,777,55243413,190.3836
2025-06-19,188.0,192.0,188.0,192.0,192.0,248257,667,47448989,191.1285
2025-06-20,191.0,192.0,189.5,190.1,190.1,577668,2154,110037714,190.4861
2025-06-23,190.0,191.8,188.0,188.4,188.4,294719,705,55679103,188.9227
2025-06-24,185.0,187.0,181.1,184.8,184.8,490743,1304,90552250,184.5207
2025-06-25,185.4,186.7,184.6,186.0,186.0,418558,816,77765821,185.7947
2025-06-26,186.2,187.1,184.1,185.1,185.1,263305,738,48792131,185.3065
2025-06-27,182.2,187.4,182.2,185.3,185.3,168500,463,31254750,185.4881
2025-06-30,185.5,189.3,185.5,189.3,189.3,382749,930,72114764,188.4127
2025-07-01,189.7,189.7,187.0,188.0,188.0,157554,743,29623589,188.0218
2025-07-02,189.0,197.3,188.8,193.0,193.0,427200,1486,82835360,193.903
2025-07-03,194.7,197.5,193.8,197.1,197.1,381997,994,75108982,196.6219
2025-07-04,197.1,197.5,195.3,196.9,196.9,173661,692,34156179,196.6831
2025-07-07,196.2,196.2,192.1,195.5,195.5,287646,965,56084623,194.9779
2025-07-08,195.5,196.5,193.5,196.0,196.0,480612,921,94054267,195.6969
2025-07-09,196.6,198.9,196.6,197.2,197.2,412489,718,81637810,197.5779
2025-07-10,197.7,199.6,197.0,198.4,198.4,507902,986,100836275,198.4755
2025-07-11,198.5,198.5,195.9,198.0,198.0,612167,946,120778883,197.5517
2025-07-14,196.3,199.2,196.3,197.2,197.2,360698,737,71426374,197.5747
2025-07-15,197.2,198.5,196.1,196.8,196.8,229262,500,45191431,196.9763
2025-07-16,197.1,198.9,195.6,196.0,196.0,245251,593,48171824,196.4185
2025-07-17,196.0,197.9,195.6,196.0,196.0,274725,848,53922283,196.2773
2025-07-18,197.5,199.8,197.5,198.6,198.6,302839,977,60199249,198.7758
2025-07-21,198.7,201.0,198.7,199.9,199.9,352451,1141,70022323,199.9822
2025-07-22,200.8,202.4,198.8,199.1,199.1,273992,789,54712679,199.6871
2025-07-23,195.0,202.0,195.0,200.4,200.4,488849,1396,97529238,200.3198
2025-07-24,205.0,214.4,204.2,205.6,205.6,1386248,4384,287725447,208.5196
2025-07-25,200.6,204.4,199.0,199.3,199.3,542616,1697,108906980,200.7073
2025-07-28,198.0,201.6,197.9,199.4,199.4,427299,1484,85287371,199.5965
2025-07-29,201.0,203.6,200.4,202.4,202.4,768075,1360,155841585,202.3327
2025-07-30,204.0,204.0,199.0,199.6,199.6,367109,1325,73563405,200.3857
2025-07-31,199.1,202.4,197.3,201.8,201.8,586521,2566,117511250,200.2424
2025-08-01,199.9,200.8,195.3,196.4,196.4,511017,2620,100801852,197.2573
2025-08-04,198.3,199.2,193.4,193.4,193.4,270503,1140,52676532,194.7355
2025-08-05,194.7,197.0,194.0,195.0,195.0,234246,930,45712408,195.147
2025-08-06,197.0,198.2,196.6,197.8,197.8,260724,892,51526592,197.6289
2025-08-07,197.4,200.2,196.4,198.2,198.2,229553,1274,45565991,198.4988
2025-08-08,199.1,200.4,197.9,199.0,199.0,178751,1035,35600031,199.1599
2025-08-11,199.1,199.2,196.2,196.6,196.6,235039,1161,46293180,196.9596
2025-08-12,196.6,200.0,196.4,199.7,199.7,274729,3007,54690836,199.0719
2025-08-13,199.5,202.2,199.1,199.1,199.1,224445,850,44864093,199.889
2025-08-14,199.2,200.8,198.2,198.5,198.5,150563,781,29974391,199.0821
2025-08-15,199.3,199.8,196.6,198.4,198.4,234104,617,46417184,198.2759
2025-08-18,198.0,202.8,197.9,202.8,202.8,477622,1602,94797264,200.9829
2025-08-19,202.2,208.0,202.2,206.2,206.2,332752,2733,68691346,206.4341
2025-08-20,205.0,206.4,203.0,203.6,203.6,230086,593,46937768,203.9018
2025-08-21,204.8,206.6,204.4,205.8,205.8,138239,628,28406308,205.4869
2025-08-22,206.4,207.8,205.6,206.6,206.6,204689,657,42312863,206.7178
2025-08-25,206.4,208.4,206.0,207.2,207.2,110771,551,22948364,207.1694
2025-08-26,205.4,212.6,205.4,211.4,211.4,494022,1514,103424998,210.6304
2025-08-27,210.0,212.6,209.8,210.4,210.4,182315,865,38474058,211.0307
2025-08-28,212.8,214.2,206.2,206.6,206.6,364124,1277,75742623,208.2261
2025-08-29,206.2,209.8,206.2,209.8,209.8,254504,928,53232471,209.1616
2025-09-01,209.6,210.2,205.0,208.0,208.0,203626,658,42234772,207.512
2025-09-02,208.0,209.6,205.6,208.2,208.2,304027,1017,63068251,207.6723
2025-09-03,208.0,208.8,202.6,203.8,203.8,669083,939,137288388,204.7608
2025-09-04,199.2,203.4,198.5,198.5,198.5,822938,960,163827749,199.0767
2025-09-05,198.9,203.4,197.0,197.0,197.0,475589,1185,94810674,198.9774
2025-09-08,196.1,201.0,196.0,197.2,197.2,197312,698,39009257,197.7034
2025-09-09,198.6,199.8,196.4,199.8,199.8,257632,706,51241770,198.8952
2025-09-10,199.8,202.6,196.4,202.0,202.0,321317,1328,64497766,200.7294
2025-09-11,202.6,205.2,202.6,203.2,203.2,209815,862,42751566,203.7584
2025-09-12,199.8,203.6,199.6,201.6,201.6,265537,963,53418520,201.1717
2025-09-15,206.4,207.0,199.8,201.2,201.2,349890,1170,70700374,202.0646
2025-09-16,202.0,202.0,199.0,201.0,201.0,285145,974,57171310,200.4991
2025-09-17,201.0,202.2,199.6,201.8,201.8,198276,656,39902459,201.247
2025-09-18,202.0,204.2,201.2,202.8,202.8,528229,799,107152847,202.8189
2025-09-19,203.4,204.0,200.4,201.2,201.2,926635,1548,183315950,201.4603
2025-09-22,201.4,201.6,199.0,200.0,200.0,488604,769,96229795,200.0477
2025-09-23,202.4,206.8,201.4,205.6,205.6,304230,713,62417833,205.1666
2025-09-24,199.6,206.4,198.8,203.6,203.6,367310,1163,74624668,203.1654
2025-09-25,203.2,208.4,203.0,207.2,207.2,341262,970,70558933,206.7588
2025-09-26,207.0,211.2,207.0,209.8,209.8,335688,1489,70320178,209.4808
2025-09-29,210.0,215.2,210.0,212.6,212.6,603364,1326,128657244,213.1405
2025-09-30,211.8,212.4,205.8,206.0,206.0,684120,1299,142244336,207.2938
2025-10-01,205.4,208.8,205.4,208.6,208.6,324453,1100,67344790,207.5641
2025-10-02,206.0,210.0,206.0,208.6,208.6,263609,1008,55020058,208.7184
2025-10-03,210.4,211.8,209.0,209.4,209.4,229545,711,48201918,209.989
2025-10-06,210.2,212.6,208.8,211.4,211.4,268798,964,56715575,210.997
2025-10-07,213.0,215.0,210.0,210.0,210.0,503662,989,106480199,211.412
2025-10-08,212.0,212.2,210.2,211.4,211.4,282104,863,59631845,211.3825
2025-10-09,212.0,213.2,210.0,211.0,211.0,351762,1173,74341539,211.3405
2025-10-10,208.2,211.0,205.6,205.6,205.6,276398,838,57310206,207.3467
2025-10-13,204.4,205.8,201.0,201.6,201.6,597634,962,121071890,202.2114
2025-10-14,201.6,203.0,199.5,201.2,201.2,320819,860,64522640,201.0676
2025-10-15,202.0,202.2,199.0,199.5,199.5,310561,993,62100032,199.9608
2025-10-16,199.5,199.5,193.8,194.6,194.6,601945,1230,117337713,195.1004
2025-10-17,193.0,193.5,189.5,192.3,192.3,526546,1215,103649822,191.856
2025-10-20,195.4,195.5,191.9,192.6,192.6,439729,870,85059750,193.2331
2025-10-21,193.0,193.9,188.0,190.0,190.0,475467,1037,90926953,191.2542
2025-10-22,190.6,193.8,190.6,192.8,192.8,321875,938,62012595,192.6605
2025-10-23,195.0,196.0,190.4,193.0,193.0,341136,1365,65787989,192.8497
2025-10-24,194.0,194.9,191.8,193.1,193.1,296481,866,57217012,193.0604
2025-10-27,194.0,194.0,189.4,192.8,192.8,285357,954,54811021,192.0788
2025-10-28,192.7,192.7,188.2,189.4,189.4,312869,1198,59313729,189.5801
2025-10-29,185.0,185.0,181.7,183.9,183.9,279107,1122,51291340,183.7695
2025-10-30,190.0,190.0,183.1,185.8,185.8,263686,965,48845332,185.2405
2025-10-31,185.0,186.5,183.2,185.0,185.0,266227,945,49211449,184.8477
2025-11-03,185.0,186.0,182.9,182.9,182.9,251679,578,46115073,183.2297
2025-11-04,183.0,185.2,182.0,184.5,184.5,198356,806,36539309,184.2108
2025-11-05,182.8,184.7,182.0,182.1,182.1,198456,746,36228752,182.5645
2025-11-06,181.3,183.8,181.0,182.1,182.1,177665,803,32406173,182.4004
2025-11-07,183.8,183.8,180.1,182.3,182.3,125579,568,22870892,182.1235
2025-11-10,183.8,185.7,183.7,184.3,184.3,177766,775,32809274,184.5592
2025-11-11,184.0,190.6,183.4,190.6,190.6,237571,699,44921838,189.0881
2025-11-12,193.0,193.4,190.4,190.9,190.9,284273,956,54409669,191.3994
2025-11-13,190.9,192.3,190.2,192.3,192.3,157949,622,30301764,191.8452
2025-11-14,192.3,192.3,185.4,188.2,188.2,214947,927,40422160,188.0564
2025-11-17,190.3,191.2,188.5,188.5,188.5,125948,622,23837246,189.2626
2025-11-18,186.8,186.8,184.3,186.1,186.1,307581,721,57184811,185.9179
2025-11-19,187.1,189.3,185.7,186.2,186.2,523897,1846,97818984,186.7142
2025-11-20,193.0,193.0,188.2,192.6,192.6,313908,1261,60077434,191.3855
2025-11-21,190.7,191.0,187.2,191.0,191.0,326296,1227,62037380,190.1261
2025-11-24,191.0,193.6,187.8,192.4,192.4,509945,1432,97866193,191.9152
2025-11-25,193.4,199.6,193.4,196.8,196.8,431546,1372,85095954,197.1347
2025-11-26,199.0,199.0,195.3,195.7,195.7,164613,619,32296238,196.1949
2025-11-27,196.3,196.3,193.1,193.1,193.1,131982,494,25573612,193.7659
2025-11-28,193.1,195.9,192.6,195.1,195.1,176188,527,34355676,194.9944
2025-12-01,195.5,195.5,191.5,193.3,193.3,194007,822,37503018,193.3076
2025-12-02,192.0,193.6,188.3,188.8,188.8,251271,1086,47751974,190.0417
2025-12-03,189.0,191.9,189.0,191.3,191.3,176467,732,33723271,191.1024
2025-12-04,190.7,197.5,190.7,196.4,196.4,298247,735,58355525,195.5806
2025-12-05,198.0,200.6,196.9,200.6,200.6,223906,781,44631466,199.3313
2025-12-08,201.0,202.0,199.8,202.0,202.0,163452,621,32925142,201.4361
2025-12-09,202.6,203.6,199.7,200.2,200.2,247908,668,49756078,200.7038
2025-12-10,200.2,200.8,195.6,197.3,197.3,252567,786,49830607,197.2966
2025-12-11,198.0,199.0,195.7,197.3,197.3,164132,604,32345920,197.0726
2025-12-12,197.8,197.8,195.3,196.5,196.5,167762,564,32958412,196.4593
2025-12-15,197.2,197.2,195.0,195.6,195.6,147860,506,28955016,195.8382
2025-12-16,194.1,196.2,193.0,193.6,193.6,312846,841,60686638,193.9824
2025-12-17,196.4,197.4,193.6,193.6,193.6,356609,931,69400637,194.5919
2025-12-18,193.3,195.3,192.8,194.1,194.1,397597,792,77222532,194.2231
2025-12-19,195.6,199.7,194.1,198.9,198.9,2064647,1637,436090464,198.4399
2025-12-22,201.8,205.6,201.8,205.6,205.6,289384,816,59251690,204.7511
2025-12-23,203.0,205.6,202.6,205.0,205.0,181914,627,37215309,204.5764
2025-12-24,0.0,0.0,0.0,0.0,205.0,0,0,0,0.0
2025-12-29,205.0,206.0,200.2,201.0,201.0,203879,807,41063536,201.4113
2025-12-30,202.0,203.2,200.8,203.2,203.2,230426,689,46723231,202.7704
2025-12-31,0.0,0.0,0.0,0.0,203.2,0,0,0,0.0
2026-01-02,203.2,208.0,203.0,208.0,208.0,265146,748,54872687,206.9527
2026-01-05,210.0,215.6,209.0,209.0,209.0,708914,2254,149960054,211.3034
2026-01-06,211.0,217.0,210.6,216.4,216.4,490727,1284,105917037,215.8249
2026-01-07,216.6,216.6,207.4,210.4,210.4,552040,1687,116117732,210.343
2026-01-08,210.4,210.4,207.4,209.4,209.4,185954,737,38872801,209.0453
2026-01-09,211.2,212.4,208.6,210.0,210.0,236424,858,49707675,210.2504
2026-01-12,211.4,212.8,210.0,212.0,212.0,147257,503,31174297,211.6999
2026-01-13,213.0,221.6,213.0,218.8,218.8,588930,1173,128968613,218.6697
2026-01-14,220.0,222.4,218.8,221.0,221.0,248049,742,54792355,220.8933
2026-01-15,219.6,221.8,219.4,221.0,221.0,190167,669,41996530,220.8403
2026-01-16,221.0,223.4,218.8,222.6,222.6,269605,728,59856892,222.017
2026-01-19,218.0,222.0,217.2,218.6,218.6,244780,875,53632658,219.1032
2026-01-20,218.6,221.6,216.2,221.6,221.6,203147,626,44716227,220.1176
2026-01-21,222.2,226.2,222.2,226.2,226.2,359517,946,80886342,225.063
2026-01-22,227.8,232.4,225.8,226.8,226.8,392680,1090,89494849,227.9078
2026-01-23,228.8,237.2,228.8,236.4,236.4,515586,1586,121344262,235.3521
2026-01-26,235.8,239.0,233.6,235.0,235.0,320421,1171,75558832,235.8504
2026-01-27,235.8,238.2,234.8,236.4,236.4,405922,1026,96051039,236.569
2026-01-28,239.8,243.6,237.6,242.0,242.0,368027,1046,88891182,241.5344
2026-01-29,244.8,248.8,242.8,242.8,242.8,400919,1290,98116722,244.7609
2026-01-30,242.2,245.8,241.0,245.6,245.6,289321,973,70776039,244.6281
2026-02-02,241.0,248.2,239.4,248.0,248.0,281669,897,69405933,246.4199
2026-02-03,244.0,247.8,243.6,245.4,245.4,476353,1801,117100170,245.8265
2026-02-04,242.4,248.6,242.4,245.0,245.0,427429,1572,105245605,246.2294
2026-02-05,238.2,243.6,233.4,241.8,241.8,741230,2302,178440765,240.736
2026-02-06,241.2,244.8,239.4,243.6,243.6,541084,2952,131390593,242.8358
2026-02-09,243.8,250.0,243.0,250.0,250.0,310055,897,77147264,248.818
2026-02-10,250.4,252.6,248.4,250.4,250.4,401404,1247,100511042,250.3982
2026-02-11,251.2,252.0,248.6,249.6,249.6,280584,863,70050352,249.6591
2026-02-12,252.6,256.8,250.0,252.6,252.6,510557,1116,129143702,253.0396
2026-02-13,250.8,254.6,247.2,251.8,251.8,403163,1168,101303852,251.3078
2026-02-16,253.6,256.8,251.8,254.8,254.8,202814,871,51632111,254.5786
2026-02-17,255.0,259.0,253.0,256.4,256.4,383304,1058,98412338,256.7475
2026-02-18,258.8,263.8,257.6,261.0,261.0,369289,852,96427931,261.1282
2026-02-19,263.0,265.4,260.4,262.8,262.8,338008,1232,88853632,262.8743
2026-02-20,265.0,265.0,259.6,261.8,261.8,362956,1260,95125492,262.0833
2026-02-23,262.4,262.4,257.0,257.4,257.4,312376,973,80559617,257.8931
2026-02-24,256.0,262.6,255.6,257.6,257.6,350793,1661,90618279,258.3241
2026-02-25,257.6,266.2,257.2,263.8,263.8,532017,1796,140528881,263.851
2026-02-26,268.0,269.2,260.0,265.0,265.0,615059,2447,162367352,263.9866
2026-02-27,268.0,274.8,266.4,274.8,274.8,661628,1808,180689974,273.099
2026-03-02,278.0,282.4,262.2,265.8,265.8,808856,3244,216463902,267.6174
2026-03-03,265.4,265.4,239.0,246.0,246.0,1010893,4593,251010258,248.3055
2026-03-04,246.2,254.8,245.6,252.8,252.8,850654,2601,213917958,251.4747
2026-03-05,254.0,256.0,252.0,253.6,253.6,370889,1282,94194893,253.9706
2026-03-06,255.8,255.8,245.2,249.4,249.4,526283,1995,130937892,248.7975
2026-03-09,247.0,261.8,239.2,261.8,261.8,732559,2305,187608774,256.0913
2026-03-10,263.0,263.6,260.0,261.6,261.6,603197,2059,157832030,261.6785
2026-03-11,261.0,261.0,254.4,258.0,258.0,205570,979,53042410,258.0358
2026-03-12,259.6,259.6,248.4,250.6,250.6,432758,1600,108785224,251.3797
2026-03-13,250.2,258.0,250.2,257.4,257.4,467310,1443,119810803,256.4007
2026-03-16,255.0,257.6,252.0,257.6,257.6,604021,1293,154765523,256.238
2026-03-17,258.8,259.4,254.0,256.4,256.4,418279,1290,107382329,256.7242
2026-03-18,258.0,258.8,254.0,256.2,256.2,440524,1373,112921814,256.3352
2026-03-19,255.8,256.0,251.4,253.4,253.4,699026,2103,177173311,253.4574
2026-03-20,254.2,260.6,251.8,254.4,254.4,925788,2683,236089481,255.0146
2026-03-23,252.4,265.8,246.0,263.8,263.8,552089,2599,143713400,260.3084
2026-03-24,264.0,269.0,263.8,267.4,267.4,250101,942,66795421,267.0772
2026-03-25,268.0,273.0,267.0,271.2,271.2,307706,889,83375821,270.9594
2026-03-26,270.4,280.4,269.0,279.4,279.4,317744,1408,88316704,277.9534
2026-03-27,280.4,284.0,277.0,281.4,281.4,275980,1222,77446335,280.623
2026-03-30,281.0,292.4,279.8,292.0,292.0,641702,2076,186151493,290.0919
2026-03-31,290.0,301.8,289.4,300.4,300.4,543115,2144,161939149,298.1673
2026-04-01,303.6,304.4,291.6,293.2,293.2,642787,1275,188903631,293.8822
2026-04-02,0.0,0.0,0.0,0.0,293.2,0,0,0,0.0
2026-04-07,291.0,306.0,290.8,302.4,302.4,703340,2645,212236717,301.7513
2026-04-08,298.0,303.6,290.8,301.4,301.4,694946,3192,206902748,298.1941
2026-04-09,303.0,318.0,303.0,313.6,313.6,619470,2013,194602128,314.135
2026-04-10,320.0,321.0,308.8,311.4,311.4,623802,2437,195217268,312.9475
2026-04-13,313.6,317.0,308.8,311.2,311.2,417941,1876,130423601,312.0622
2026-04-14,310.0,315.6,308.8,311.6,311.6,403556,1808,125816352,311.7693
2026-04-15,309.2,310.8,305.0,305.8,305.8,583235,2275,178931460,306.7914
2026-04-16,304.0,308.8,303.0,303.0,303.0,494434,1182,150269214,303.9217
2026-04-17,301.0,303.2,286.8,286.8,286.8,505204,1920,146574527,290.0317
2026-04-20,290.0,295.2,289.1,293.2,293.2,354043,1388,103454486,292.2164
2026-04-21,293.2,295.6,288.8,292.6,292.6,294161,1309,85774010,291.5887
2026-04-22,292.2,312.0,292.2,309.8,309.8,616163,2498,188877939,306.5389
2026-04-23,307.0,311.0,302.4,307.8,307.8,294464,1438,90423546,307.0784
2026-04-24,307.8,317.2,306.8,316.0,316.0,315240,1383,99262490,314.8791
2026-04-27,312.0,328.8,311.6,322.4,322.4,424297,1947,137137716,323.2116
2026-04-28,323.2,334.4,323.2,329.0,329.0,384235,2147,126326317,328.7736
2026-04-29,325.0,334.0,323.8,325.0,325.0,702835,2213,229860170,327.0471
2026-04-30,340.0,340.6,323.2,333.2,333.2,1089413,3134,359549078,330.5868
2026-05-04,330.8,334.4,327.8,330.4,330.4,363856,1510,120395956,330.889
2026-05-05,327.2,332.8,327.2,332.2,332.2,719824,1245,238829370,331.8912
2026-05-06,332.0,332.8,320.0,327.8,327.8,740940,2481,241572942,326.0358
2026-05-07,326.0,326.2,310.0,310.0,310.0,519813,1844,162648354,312.8978
2026-05-08,310.0,316.0,305.0,305.0,305.0,484615,1835,148323292,306.0642
