date,EQNR,DNB,MOWI,TEL,YAR,AKRBP,ORK,NHY,KOG,GJF,SALM,TOM,STB,SUBC,NOD,VAR,FRO,MPCC,ELK,BRG
2024-05-13,288.47712,206.5,198.7,126.5,314.3,275.3,76.736897,67.82,136.18527,181.86627,678.0,136.9,111.5,187.3,131.4,35.86,287.2,19.76,20.74,193.6
2024-05-14,288.89778,203.6,198.8,127.7,317.9,274.1,76.690277,67.8,134.64873,181.08405,656.0,142.5,110.8,187.4,132.5,35.62,288.0,19.6,21.34,193.2
2024-05-15,282.7302,201.0,198.6,128.0,318.6,267.4,76.550416,66.96,137.15571,179.71517,661.0,145.5,110.9,185.2,133.0,34.84,288.6,19.87,21.64,196.4
2024-05-16,282.82486,203.4,198.4,128.0,323.0,264.4,76.736897,67.16,139.66268,179.61739,672.0,143.9,111.4,188.6,132.95,35.65,292.8,20.11,21.62,196.6
2024-05-17,282.82486,203.4,198.4,128.0,323.0,264.4,76.736897,67.16,139.66268,179.61739,672.0,143.9,111.4,188.6,132.95,35.65,292.8,20.11,21.62,196.6
2024-05-20,282.82486,203.4,198.4,128.0,323.0,264.4,76.736897,67.16,139.66268,179.61739,672.0,143.9,111.4,188.6,132.95,35.65,292.8,20.11,21.62,196.6
2024-05-21,289.4506,200.7,196.55,127.5,327.0,265.0,77.38958,71.44,141.60356,177.46628,667.5,136.3,110.1,188.9,133.95,36.53,305.8,20.8,21.66,200.0
2024-05-22,287.84149,201.9,195.75,126.9,329.0,260.7,77.576061,69.0,143.46358,179.51961,663.0,139.1,110.7,186.3,137.15,36.24,301.1,20.2,21.12,199.8
2024-05-23,293.852,201.5,195.05,123.9,325.8,264.0,76.690277,68.58,146.3749,179.51961,661.0,135.9,111.3,184.8,136.05,37.08,300.2,19.02,20.6,200.5
2024-05-24,285.85377,205.4,192.6,123.7,328.0,261.9,76.969998,68.86,146.3749,180.20405,656.0,135.3,112.2,185.0,135.0,36.53,304.4,19.81,20.66,201.5
2024-05-27,287.41555,206.8,193.75,124.2,331.9,265.5,76.923378,69.0,146.29403,180.0085,662.0,137.3,111.8,188.4,131.8,36.85,309.8,20.15,21.06,201.5
2024-05-28,285.52248,206.7,192.0,123.5,334.3,266.2,76.736897,70.92,144.19141,179.42183,656.0,137.3,111.8,189.3,132.05,36.89,304.3,21.55,21.22,194.0
2024-05-29,284.43397,203.6,188.05,122.7,325.0,264.2,78.321985,69.48,143.14009,178.54184,633.0,133.5,111.0,189.2,131.1,36.94,305.9,22.13,21.06,192.2
2024-05-30,282.06763,204.1,187.3,123.3,326.0,265.4,78.321985,69.6,143.9488,179.1285,629.0,138.0,112.2,193.0,130.5,37.18,296.7,21.97,21.5,193.8
2024-05-31,286.65832,205.2,187.8,122.4,324.9,268.9,77.902403,70.92,145.80881,179.61739,638.5,137.8,113.4,193.8,134.5,37.15,300.8,22.51,21.76,192.4
2024-06-03,287.60486,205.0,188.3,125.9,325.8,266.0,79.114529,71.02,147.9923,178.34628,640.5,134.5,113.4,191.8,134.35,37.2,291.5,22.35,21.76,189.0
2024-06-04,276.48307,203.3,186.4,126.4,325.4,257.3,79.627351,69.56,142.49313,179.1285,625.0,135.8,113.1,185.0,131.8,35.25,291.4,22.8,21.0,189.0
2024-06-05,278.94406,202.9,185.45,126.1,311.1,257.4,80.093553,67.54,144.43402,180.8885,619.5,135.6,112.5,188.6,133.6,35.32,286.1,23.02,20.6,187.0
2024-06-06,278.56544,203.8,187.4,126.0,312.1,256.4,81.259059,68.76,146.3749,181.47516,626.5,138.8,113.5,189.4,137.5,35.0,285.8,22.7,20.36,189.2
2024-06-07,282.20961,202.5,187.5,125.9,316.3,258.8,82.191464,67.7,150.74189,181.08405,601.0,140.3,113.2,188.3,142.95,35.27,283.0,22.35,20.04,191.6
2024-06-10,283.15614,202.2,184.25,124.8,315.8,259.4,80.839477,68.64,149.28622,179.91072,593.0,138.1,109.8,190.2,142.45,35.17,285.2,22.39,20.2,192.6
2024-06-11,282.39891,202.6,185.1,123.4,311.1,260.5,80.746237,66.52,147.9923,179.03072,589.0,136.5,108.5,188.1,141.5,35.12,275.4,21.22,20.16,192.8
2024-06-12,282.58822,204.5,185.2,123.4,306.3,263.0,81.3523,67.34,148.801,181.96405,585.0,136.6,109.5,192.2,147.05,35.15,274.9,21.76,20.2,194.4
2024-06-13,275.63118,202.9,186.9,123.7,302.9,256.2,83.590071,66.8,147.83056,184.31071,595.5,132.2,107.8,189.8,148.0,34.23,264.4,20.53,19.86,190.6
2024-06-14,274.21138,205.7,189.45,122.9,298.2,255.1,84.102893,64.84,140.9566,184.7996,605.0,133.9,108.3,188.2,144.35,33.86,262.2,19.955,20.06,191.6
2024-06-17,273.31217,208.2,188.75,123.0,300.4,255.8,83.123868,63.34,140.30964,185.28849,606.0,133.5,109.2,188.9,144.5,34.06,257.8,20.99,19.69,192.0
2024-06-18,274.87396,207.5,188.55,123.2,300.6,261.2,83.170489,64.1,141.19921,186.65737,607.0,138.3,109.4,191.7,143.2,34.6,259.6,21.08,19.85,192.6
2024-06-19,274.11673,209.3,188.6,123.5,297.7,261.2,82.844147,64.02,141.44182,189.49292,604.0,137.4,109.0,191.5,141.75,36.32,268.4,21.03,20.2,193.6
2024-06-20,277.28762,209.3,184.1,122.6,299.0,267.6,82.564426,65.1,141.36095,190.17737,604.0,138.5,108.9,195.5,138.0,36.64,265.4,20.58,20.7,193.2
2024-06-21,277.24029,208.5,183.3,123.1,300.5,263.6,82.424565,64.82,144.27228,189.5907,602.5,137.4,108.6,196.3,137.95,35.93,270.6,20.35,20.66,199.4
2024-06-24,278.23416,211.0,184.9,122.6,305.5,265.9,82.191464,66.38,141.7653,189.68848,601.0,137.5,110.4,197.0,139.9,35.84,274.8,21.06,20.8,194.8
2024-06-25,280.45852,210.2,183.0,122.6,306.1,267.0,82.424565,64.7,140.87573,190.4707,594.5,133.5,110.5,196.2,136.1,36.05,272.5,21.1,20.02,193.4
2024-06-26,282.77753,207.2,180.0,121.7,308.3,269.2,81.072578,65.72,138.36876,186.85293,584.0,129.0,109.3,195.6,135.95,37.07,275.9,21.75,19.93,192.8
2024-06-27,285.85377,207.5,177.95,121.6,304.9,270.5,81.072578,66.02,140.71399,186.5596,561.0,128.9,108.7,198.6,139.75,37.47,278.3,22.81,20.16,196.0
2024-06-28,287.69951,209.7,177.7,121.7,307.6,272.2,80.886097,66.5,140.71399,186.5596,562.0,127.4,109.0,200.8,142.6,37.72,279.7,22.51,20.24,192.4
2024-07-01,289.16664,212.2,178.05,122.6,307.1,275.4,79.627351,66.8,145.80881,188.51515,554.0,131.6,109.2,201.6,141.25,38.13,262.5,22.03,20.48,191.4
2024-07-02,289.87655,212.5,177.85,120.7,303.2,278.3,78.834807,66.28,142.574,188.22181,559.0,132.0,108.2,201.4,140.45,38.6,268.1,23.04,20.06,190.4
2024-07-03,289.40328,211.2,176.2,121.0,298.2,275.2,78.881427,67.62,142.00791,188.22181,554.5,130.5,108.8,201.8,143.5,38.0,268.4,23.29,20.48,190.6
2024-07-04,290.01853,211.8,176.3,119.7,301.4,274.6,78.974668,67.58,142.73574,190.76403,552.5,132.3,109.6,201.0,145.0,37.48,263.0,22.79,20.5,189.8
2024-07-05,286.98961,209.6,177.0,119.4,294.9,270.3,78.321985,67.4,142.00791,190.07959,558.0,131.8,107.4,199.8,150.0,36.94,260.8,22.48,20.54,191.0
2024-07-08,278.75475,209.5,177.4,120.8,293.0,264.6,79.39425,66.56,143.14009,190.4707,571.5,138.3,108.3,199.0,152.9,36.88,252.0,21.86,20.32,191.8
2024-07-09,276.15178,204.5,174.6,120.5,287.7,261.7,79.860452,67.14,144.59576,191.25292,570.5,137.1,107.5,199.5,152.3,36.76,251.5,22.0,20.1,190.8
2024-07-10,272.93356,205.0,173.25,122.8,291.1,260.5,79.953693,66.94,160.60804,191.15514,567.0,137.1,108.1,199.1,154.85,36.83,250.6,22.29,20.06,189.4
2024-07-11,272.46029,217.0,172.65,122.5,291.5,259.7,79.067908,67.22,167.07765,193.69736,557.5,140.4,108.8,197.6,154.45,35.62,244.6,21.3,20.3,191.2
2024-07-12,274.82663,218.3,174.6,123.0,296.9,267.7,79.534111,69.06,171.60637,194.08847,564.0,149.3,110.8,201.2,156.35,35.94,250.9,21.28,22.78,190.6
2024-07-15,274.96861,217.8,172.75,122.6,295.6,265.1,83.776552,66.48,171.12115,179.81294,563.5,140.8,110.7,199.7,154.3,35.91,254.2,20.88,22.8,190.6
2024-07-16,272.55494,217.4,173.6,122.5,294.2,262.0,82.704286,65.76,173.54726,177.95517,563.0,142.3,110.1,199.5,156.5,35.55,256.7,21.02,22.72,190.0
2024-07-17,276.76703,216.8,175.15,123.4,300.0,259.6,83.356969,65.68,171.92985,178.2485,570.0,143.6,110.0,203.8,150.0,35.56,253.3,21.02,22.74,190.0
2024-07-18,281.07376,217.4,177.4,123.1,301.8,261.5,83.823172,65.56,172.41507,179.42183,577.0,148.3,109.8,206.2,149.8,35.74,253.8,21.07,22.52,186.0
2024-07-19,278.42346,218.8,177.7,126.6,312.9,261.8,85.315019,63.5,172.25333,175.90184,581.5,168.0,109.5,208.8,146.05,35.5,260.8,20.56,22.76,185.6
2024-07-22,276.34109,222.1,177.55,127.8,322.2,261.1,84.942057,63.86,175.97336,176.48851,583.0,165.8,109.4,211.0,148.65,35.23,274.8,22.05,22.56,185.0
2024-07-23,273.31217,221.8,177.45,128.0,318.9,259.2,84.895437,60.88,179.53164,176.29295,584.0,167.4,109.5,208.8,145.05,35.43,276.9,22.13,21.74,186.6
2024-07-24,272.60227,220.0,178.05,128.5,316.3,261.6,84.242754,61.0,177.26728,174.63073,584.5,165.8,109.0,208.8,143.6,35.52,272.8,21.31,21.88,186.0
2024-07-25,269.19474,221.0,178.65,129.5,315.0,259.3,84.242754,60.14,169.98897,174.82629,586.5,172.1,107.5,215.2,135.1,34.99,265.6,21.45,22.22,182.8
2024-07-26,269.52603,222.5,178.7,128.5,317.0,258.2,84.382614,60.68,175.00292,173.94629,591.5,174.7,107.8,209.4,130.85,35.29,259.5,21.33,22.44,183.0
2024-07-29,270.7092,224.5,181.1,129.2,313.3,258.5,85.315019,59.88,174.67944,176.39073,602.5,175.0,108.3,210.2,134.0,34.58,268.5,22.4,22.46,186.0
2024-07-30,267.39632,225.2,182.05,130.7,311.7,255.9,85.641361,58.92,175.48814,178.93295,615.0,177.0,108.6,209.0,133.45,34.17,263.1,22.6,22.4,185.4
2024-07-31,274.49534,225.5,184.2,130.0,311.0,264.9,85.874462,60.4,177.26728,180.49739,628.0,179.8,109.6,210.2,135.0,34.82,268.9,22.89,22.78,187.0
2024-08-01,274.63732,223.6,183.75,130.0,306.4,262.1,85.035298,59.06,175.3264,180.49739,623.5,176.0,109.2,206.4,141.15,34.67,267.0,22.55,22.78,192.4
2024-08-02,269.76266,218.5,181.7,131.1,301.2,253.0,84.708956,57.42,168.04809,176.68406,604.0,164.2,105.4,202.6,128.05,33.52,251.9,21.62,21.62,185.0
2024-08-05,262.14305,209.8,175.95,125.3,294.5,245.3,82.191464,55.28,163.84284,172.28407,577.5,159.0,103.1,188.1,127.4,32.7,246.4,21.5,20.06,181.0
2024-08-06,263.61018,210.0,179.0,125.2,290.8,246.3,83.683311,55.5,167.72461,172.28407,595.0,160.7,103.2,191.8,126.85,32.75,246.0,21.7,20.2,182.2
2024-08-07,269.10009,215.2,183.65,126.3,299.1,252.2,84.382614,56.58,169.18027,175.51073,612.0,161.8,105.6,193.0,130.4,33.39,252.5,22.47,20.58,183.4
2024-08-08,276.38841,213.9,182.65,126.1,299.4,254.5,84.102893,55.82,167.07765,177.07517,620.0,159.8,105.1,189.0,139.0,34.28,248.1,22.49,20.42,184.6
2024-08-09,278.84941,214.4,184.3,126.6,299.8,254.0,83.916412,56.86,172.09159,177.95517,626.0,158.0,105.6,190.4,137.4,34.41,249.6,22.65,20.5,188.6
2024-08-12,287.74684,214.7,184.3,127.3,298.3,259.2,83.869792,57.4,173.709,178.63961,628.0,158.2,106.0,191.9,137.05,35.06,255.7,22.98,20.58,189.0
2024-08-13,281.07376,216.9,189.3,128.4,301.8,255.0,84.289374,56.92,175.97336,179.71517,638.5,159.2,106.8,191.5,138.05,34.78,253.1,22.57,20.54,187.8
2024-08-14,280.26921,220.8,190.7,128.5,300.0,258.7,84.429235,57.4,178.07598,179.71517,641.0,158.5,107.8,193.4,138.0,35.34,256.1,22.92,20.5,188.4
2024-08-15,281.26307,220.6,191.2,127.0,302.3,260.8,85.128538,57.4,176.29684,179.42183,638.0,157.4,108.0,195.6,141.5,35.33,261.7,22.22,20.74,190.2
2024-08-16,282.00775,222.0,190.15,128.3,302.5,262.5,85.268399,57.98,178.88468,178.93295,634.5,154.6,109.2,197.3,140.4,35.53,268.5,22.12,20.5,189.0
2024-08-19,284.77491,223.0,191.9,129.1,303.9,263.0,85.45488,59.28,177.26728,180.30183,638.5,156.2,109.6,197.4,137.3,35.53,265.8,22.5,20.52,189.4
2024-08-20,279.38623,221.0,187.25,128.5,301.2,255.7,85.128538,59.66,177.59076,179.71517,591.0,156.0,109.4,195.0,139.0,34.62,260.2,21.64,20.24,186.6
2024-08-21,276.61907,221.5,187.3,127.7,302.5,256.0,85.081918,59.34,175.97336,178.54184,590.0,156.5,109.6,194.2,139.6,34.83,258.6,22.13,20.28,190.0
2024-08-22,272.29841,222.2,187.55,128.2,302.1,255.1,86.014323,59.06,178.72294,178.05295,581.0,157.2,110.7,193.7,139.9,34.72,256.4,22.16,20.3,190.4
2024-08-23,274.33737,223.8,188.05,128.6,304.9,258.0,85.781221,59.74,178.72294,179.1285,580.0,158.7,112.0,195.9,140.6,35.28,257.3,22.18,20.42,190.6
2024-08-26,278.90076,224.3,188.0,128.6,307.6,263.5,86.247424,60.44,176.1351,178.73739,582.0,156.3,112.5,198.4,139.5,36.0,256.1,23.36,20.26,193.0
2024-08-27,277.05599,223.0,188.0,129.6,305.7,262.8,86.806866,60.4,175.64988,177.85739,577.0,158.0,112.0,196.0,135.1,35.86,251.8,24.5,20.0,190.8
2024-08-28,277.92983,224.2,186.65,130.0,303.7,259.3,87.692651,58.76,177.91424,178.83517,566.5,156.0,112.7,188.0,138.05,35.97,245.4,21.03,19.69,193.0
2024-08-29,276.66761,223.9,184.05,130.1,306.8,260.4,86.946727,58.9,180.01686,181.18183,549.5,160.0,113.5,190.9,142.15,36.28,244.9,21.78,19.68,194.0
2024-08-30,273.31789,224.1,184.7,131.5,308.8,253.9,87.832511,59.4,181.47253,183.72405,551.0,164.1,114.4,189.2,143.4,35.6,259.1,22.21,20.06,197.2
2024-09-02,273.31789,222.7,184.2,133.5,307.1,250.0,88.904777,59.46,175.64988,183.23516,540.5,161.0,115.2,187.9,139.7,35.06,249.4,21.8,19.4,199.6
2024-09-03,265.55042,219.2,180.75,133.4,300.2,240.9,88.158853,57.06,175.48814,182.06183,531.0,157.0,114.1,183.8,132.1,33.2,244.2,21.59,18.68,197.4
2024-09-04,265.16205,216.5,183.0,133.6,298.9,239.5,88.671676,56.56,175.16466,181.86627,535.5,158.3,114.7,186.5,130.4,33.68,241.9,21.81,18.3,194.6
2024-09-05,264.2882,218.0,183.6,134.2,298.2,237.1,89.417599,56.58,169.82723,186.26626,545.5,151.0,116.3,185.9,128.8,33.75,238.7,21.35,18.21,194.6
2024-09-06,262.1036,215.6,181.9,134.9,295.2,230.3,90.909447,55.5,170.95941,184.99515,540.0,152.1,114.5,185.6,125.5,33.47,242.2,21.5,17.17,196.0
2024-09-09,261.3754,216.0,187.6,134.8,295.0,227.2,92.308053,56.02,171.12115,186.85293,553.5,154.0,115.0,180.3,127.05,33.12,237.4,21.55,16.93,196.0
2024-09-10,256.32655,214.7,185.7,136.5,292.3,223.9,92.960737,55.44,170.47419,187.34182,549.0,155.4,115.0,175.0,129.55,32.27,237.0,21.4,16.59,195.6
2024-09-11,256.66637,212.2,186.3,136.0,298.1,224.9,92.774256,57.42,171.12115,186.65737,554.5,150.7,114.8,176.1,129.6,32.56,239.5,21.65,16.65,194.6
2024-09-12,258.51115,213.6,185.8,135.9,297.8,227.0,92.447914,58.68,176.1351,189.68848,554.0,155.1,115.5,179.3,131.55,32.74,239.0,22.91,16.86,193.0
2024-09-13,261.27831,215.5,188.0,134.7,306.1,230.2,91.981712,59.4,178.07598,189.29737,553.0,158.4,115.0,182.3,131.1,33.13,239.1,22.62,17.15,193.2
2024-09-16,260.11319,214.8,187.0,135.6,308.8,229.8,92.774256,62.02,178.07598,190.37292,548.5,157.0,114.8,182.9,131.0,33.42,244.6,22.66,17.0,191.4
2024-09-17,258.94807,213.9,187.25,134.9,314.4,227.0,91.70199,60.98,163.84284,189.10181,547.5,156.7,115.0,184.5,134.2,32.93,246.0,22.32,17.31,198.0
2024-09-18,257.97713,214.0,184.2,135.5,311.4,226.6,91.142548,60.6,163.19588,187.34182,550.0,157.0,114.0,186.1,132.9,32.54,245.5,22.39,17.13,194.0
2024-09-19,254.38468,217.8,185.0,132.8,325.9,228.9,90.070282,62.7,167.72461,186.46182,549.5,159.7,115.6,188.6,138.95,32.4,250.0,22.75,17.61,188.0
2024-09-20,253.41375,216.9,185.5,135.0,322.0,228.1,91.002687,61.84,169.34201,187.63515,548.5,153.8,116.6,189.2,141.85,32.92,235.6,22.15,17.28,186.6
2024-09-23,259.87046,215.1,185.3,135.7,320.8,233.5,91.329029,62.28,169.82723,187.53737,536.5,151.5,117.9,189.1,141.15,33.4,235.6,21.53,17.29,191.6
2024-09-24,259.33644,214.5,184.7,135.9,322.0,232.7,91.56213,65.58,166.26895,187.53737,524.0,151.9,116.7,187.9,141.3,33.66,235.2,22.11,18.18,192.0
2024-09-25,254.87015,213.0,182.0,136.9,323.2,228.8,91.748611,64.72,169.98897,187.14626,525.5,155.6,115.8,181.8,141.2,32.95,227.2,23.35,18.21,194.0
2024-09-26,248.65617,214.3,187.0,135.6,327.6,217.5,90.956067,67.18,166.75417,188.22181,533.5,159.5,116.5,169.1,107.05,31.61,237.0,23.95,18.7,194.4
2024-09-27,255.35561,216.1,187.7,134.8,333.1,224.5,92.074952,68.3,166.59243,191.83958,540.0,156.2,115.5,170.5,105.9,32.5,238.9,23.64,19.83,194.2
2024-09-30,258.94807,216.4,189.75,135.0,334.1,226.2,92.727635,68.46,166.91591,193.01292,553.5,155.5,115.9,170.5,106.65,32.7,238.9,24.35,20.5,198.4
2024-10-01,263.85128,213.2,190.0,135.9,337.6,232.3,92.121573,68.46,172.09159,194.47958,561.5,153.2,115.9,172.9,99.9,33.7,243.7,24.3,20.48,197.8
2024-10-02,273.8519,216.0,187.35,136.0,343.9,242.0,91.841851,68.7,177.26728,190.27514,545.0,151.1,115.8,177.0,99.2,35.42,252.9,24.7,20.82,194.8
2024-10-03,274.14318,215.6,188.5,133.6,344.7,240.9,91.422269,67.32,176.62032,189.29737,558.0,150.0,115.2,176.4,97.64,35.46,259.7,24.94,20.58,195.2
2024-10-04,278.90076,217.1,190.35,133.9,350.1,246.1,92.214813,68.92,173.709,189.98181,567.5,151.4,115.8,180.0,98.92,36.3,263.0,23.4,20.8,196.0
2024-10-07,269.33706,217.2,190.0,133.8,347.5,246.4,92.774256,69.16,175.00292,188.22181,559.5,149.1,116.0,181.0,98.12,36.69,267.0,24.16,21.22,199.4
2024-10-08,263.36582,217.0,187.7,133.8,341.1,236.7,92.401294,66.04,177.59076,188.51515,548.0,150.7,117.4,175.7,97.0,35.33,264.7,24.15,20.6,199.4
2024-10-09,259.77336,219.0,191.65,134.6,345.6,233.6,95.012027,66.56,176.45132,188.22181,562.5,150.9,118.7,177.1,99.6,34.71,261.0,23.44,20.9,205.0
2024-10-10,264.3853,218.6,194.75,134.4,346.2,240.1,94.639065,68.14,175.63743,188.90626,572.5,148.8,119.4,182.4,99.32,35.2,265.8,24.15,21.18,206.0
2024-10-11,265.89025,219.7,194.4,133.4,349.0,240.5,95.851191,70.12,174.82354,194.18625,574.5,150.0,119.7,187.0,96.62,35.76,259.2,24.2,21.56,205.5
2024-10-14,266.52135,220.9,194.3,133.8,350.0,239.3,96.130912,69.32,181.82299,194.08847,571.5,151.5,120.4,184.5,97.22,36.02,253.8,24.18,21.16,203.0
2024-10-15,257.92859,220.7,196.6,133.4,345.9,230.5,96.783595,67.68,184.10188,195.16402,583.5,152.0,122.9,177.9,96.42,34.77,241.7,23.78,19.89,208.5
2024-10-16,258.26841,223.0,196.25,136.8,347.1,232.1,96.690355,68.9,184.42744,195.55513,581.0,146.7,122.9,178.7,94.98,34.77,241.2,23.74,19.32,200.5
2024-10-17,258.17132,221.4,200.0,132.8,344.9,231.7,95.851191,68.64,185.56689,195.16402,588.5,147.1,122.7,178.6,98.46,34.84,240.6,24.09,19.26,201.0
2024-10-18,255.35561,221.9,196.85,131.8,341.2,229.8,95.571469,68.72,182.14855,193.89291,578.0,148.9,121.5,175.1,98.54,34.8,242.1,24.04,19.02,203.5
2024-10-21,259.33644,223.8,197.0,131.7,337.6,232.4,95.75795,68.8,180.52077,195.06624,577.0,146.3,121.2,176.5,97.7,35.04,239.6,24.37,18.78,206.5
2024-10-22,261.3754,236.5,193.45,129.9,332.0,232.6,94.266103,68.28,180.52077,196.1418,572.5,146.4,121.0,176.5,99.0,36.03,234.8,24.85,18.74,202.0
2024-10-23,259.77336,231.5,194.4,131.0,330.7,228.6,93.70666,68.14,181.33466,195.75069,575.5,151.8,125.5,175.3,100.7,35.92,224.5,23.88,18.9,203.0
2024-10-24,266.71554,231.0,195.35,131.4,328.3,229.2,92.681015,67.66,190.12467,196.53291,582.5,156.2,127.0,175.9,102.6,35.46,220.0,23.41,19.03,203.0
2024-10-25,274.38592,230.4,197.3,131.4,339.6,233.5,92.541155,68.52,186.05522,197.51068,585.0,160.1,126.8,178.0,105.35,36.37,221.3,23.32,18.81,203.0
2024-10-28,263.60855,228.8,199.15,131.1,334.2,225.2,93.986382,68.44,189.79911,197.90179,589.5,161.4,127.7,172.5,109.15,34.47,215.5,23.1,18.55,204.5
2024-10-29,264.09402,230.2,192.5,130.9,333.4,225.3,96.224153,68.86,190.93856,198.68401,575.0,163.5,127.7,167.3,111.8,34.59,216.6,23.13,18.51,205.0
2024-10-30,262.63762,229.4,193.65,137.5,334.8,234.5,96.037672,68.66,190.45022,196.53291,577.0,159.6,126.5,167.5,111.5,35.12,213.0,21.2,18.29,200.5
2024-10-31,256.37509,227.2,189.05,135.1,330.8,234.6,94.825546,67.7,186.38078,194.08847,558.0,156.9,125.1,168.3,108.7,34.55,211.9,21.69,17.94,194.0
2024-11-01,251.47188,231.1,190.15,137.6,333.5,233.7,95.291748,69.0,187.52022,194.87069,542.5,156.3,126.9,170.4,108.25,34.13,213.6,22.09,17.75,188.8
2024-11-04,252.73409,229.9,189.7,136.3,334.4,229.3,94.639065,69.52,180.84632,193.01292,532.5,157.7,124.5,168.7,107.35,34.34,211.2,21.94,18.0,186.2
2024-11-05,252.83118,230.2,190.95,136.1,334.2,228.2,95.105267,70.24,184.753,194.18625,547.0,158.9,125.6,169.3,104.1,34.65,209.1,22.55,18.01,185.2
2024-11-06,241.27707,232.2,198.55,132.9,334.6,222.6,93.893141,68.52,179.86966,193.11069,539.5,150.5,127.5,173.7,104.45,33.6,207.9,21.83,17.66,182.0
2024-11-07,242.58783,230.4,195.8,130.3,330.3,224.9,93.61342,71.8,182.96244,189.98181,540.0,157.0,123.2,177.8,103.8,33.95,211.6,22.4,18.04,181.4
2024-11-08,243.36458,228.9,195.45,131.3,321.3,223.7,94.825546,69.34,183.93911,190.56848,543.5,151.8,123.8,177.0,100.5,33.7,209.5,22.23,17.83,180.4
2024-11-11,246.13174,230.2,194.8,130.8,320.9,223.6,93.986382,68.06,187.84578,188.90626,543.0,150.0,124.0,180.0,99.7,33.64,209.1,22.47,18.16,179.4
2024-11-12,243.99569,228.7,194.6,133.9,316.4,219.0,93.426939,65.34,192.89189,186.26626,546.5,149.2,121.2,176.8,100.65,33.35,205.5,22.17,18.04,179.2
2024-11-13,242.97621,225.7,195.4,132.4,310.7,218.0,92.121573,64.4,200.86801,184.31071,541.0,144.5,117.6,175.1,98.26,33.23,211.9,22.54,17.19,177.4
2024-11-14,255.74399,228.3,194.4,132.6,314.0,225.5,92.028332,65.94,197.12412,184.70182,543.0,149.2,119.0,177.0,100.5,34.98,221.8,23.96,17.48,182.8
2024-11-15,263.22018,230.7,196.15,132.1,319.5,229.6,91.51551,70.64,195.33356,191.93736,558.5,149.4,121.4,181.5,98.94,35.74,216.4,24.25,18.07,183.4
2024-11-18,257.97409,230.0,198.55,131.8,317.6,225.8,91.282408,70.26,195.98468,190.07959,567.5,146.9,121.3,181.4,95.76,35.95,219.1,25.1,18.03,182.4
2024-11-19,259.40263,228.6,198.7,131.0,315.9,227.2,89.837181,70.96,202.17024,187.92848,564.0,142.8,121.1,181.7,94.8,35.99,224.1,25.39,18.02,182.0
2024-11-20,266.24975,228.5,199.1,130.7,317.1,229.8,91.095927,71.8,201.84468,187.92848,564.5,143.0,121.6,183.1,93.9,36.55,224.6,26.6,18.13,183.2
2024-11-21,273.39244,230.6,201.1,130.6,313.6,233.2,92.727635,71.84,207.21636,188.80848,571.0,141.7,122.9,185.0,92.66,37.52,217.3,25.8,18.04,182.4
2024-11-22,268.46645,230.5,203.0,132.1,314.9,231.8,94.732305,71.48,209.65803,191.15514,589.0,141.6,123.3,185.1,96.0,37.27,216.8,25.61,18.22,183.8
2024-11-25,267.18569,230.4,204.2,131.8,317.2,228.7,95.012027,72.52,213.5647,193.59958,595.0,156.7,123.8,181.6,97.5,37.16,211.6,23.15,18.25,181.0
2024-11-26,262.06266,228.5,200.0,129.8,312.9,225.9,93.520179,71.18,209.33247,191.93736,570.0,160.5,121.9,173.5,99.8,36.72,208.5,23.0,18.08,181.6
2024-11-27,265.26455,230.6,202.0,131.0,313.0,228.5,94.639065,68.44,213.40192,193.59958,579.0,159.4,122.5,176.1,98.8,36.53,184.35,21.8,18.24,182.6
2024-11-28,262.7523,231.3,201.1,131.0,312.5,227.1,94.079622,68.4,213.23914,193.30625,575.5,158.0,122.1,177.3,99.5,36.38,185.55,21.72,18.38,184.8
2024-11-29,263.2449,230.7,200.4,130.0,310.6,226.4,95.012027,68.3,211.44858,192.03514,574.0,155.6,121.2,174.3,98.94,36.26,180.9,21.63,18.21,183.0
2024-12-02,264.13158,229.8,200.1,128.4,310.9,222.7,94.545824,68.2,216.65748,194.77291,581.5,158.3,122.6,173.1,97.96,36.1,175.7,21.75,18.37,183.6
2024-12-03,267.23495,232.0,201.1,128.4,318.6,230.5,95.851191,68.86,217.14581,196.72846,581.0,152.5,123.3,178.5,98.92,36.6,177.1,22.22,18.51,185.6
2024-12-04,263.14638,233.0,203.0,127.2,323.2,230.7,95.571469,69.68,219.75026,197.70624,583.5,155.4,124.1,178.9,101.0,36.19,180.4,22.49,18.72,189.4
2024-12-05,261.17598,233.5,204.5,128.1,323.6,228.5,95.478229,69.76,220.40137,197.90179,591.5,154.2,125.2,179.8,100.85,35.8,176.4,22.4,18.82,184.8
2024-12-06,256.34851,226.8,203.6,129.0,322.4,219.6,94.639065,67.18,216.4947,198.48846,589.0,155.2,123.5,173.1,101.5,34.74,172.8,21.9,18.66,183.4
2024-12-09,262.85082,228.1,203.7,127.6,328.5,227.1,93.799901,67.56,206.23969,197.70624,583.5,151.9,124.1,176.4,102.15,35.6,170.45,21.83,18.95,182.2
2024-12-10,261.47154,229.6,202.4,127.0,326.5,223.5,92.774256,66.98,204.61191,197.31513,575.0,151.0,122.5,173.9,104.1,35.02,166.05,21.79,18.71,178.2
2024-12-11,260.68338,229.1,205.6,125.5,330.2,224.1,93.520179,66.02,206.8908,198.48846,588.5,150.2,122.5,172.1,104.0,35.1,161.35,21.73,18.74,178.8
2024-12-12,256.05295,228.8,206.9,126.3,326.5,223.2,95.105267,65.5,211.28581,197.90179,602.0,149.6,120.7,177.0,103.9,34.65,155.8,20.31,18.62,178.6
2024-12-13,253.73774,229.5,207.1,127.3,323.6,223.8,95.384989,65.14,209.33247,200.24846,595.0,147.5,122.4,178.3,99.7,34.54,156.2,20.24,18.21,177.8
2024-12-16,250.14177,229.5,202.9,126.5,319.6,219.9,93.61342,64.62,210.14636,200.0529,581.0,145.5,121.3,177.4,101.4,33.71,156.55,20.17,18.45,176.0
2024-12-17,249.55065,229.1,199.25,128.4,314.9,216.5,91.935092,63.86,207.70469,197.70624,561.5,149.6,120.6,178.9,102.35,33.21,152.65,19.25,18.47,177.8
2024-12-18,247.77729,228.8,198.15,126.3,305.3,215.1,91.422269,63.76,207.70469,197.11957,552.0,148.6,120.6,178.7,104.7,33.3,155.25,19.685,17.36,176.4
2024-12-19,251.324,225.8,196.0,125.4,301.5,215.7,91.51551,62.34,210.47192,195.75069,542.5,142.0,121.1,179.0,99.4,33.9,154.2,20.07,16.99,177.2
2024-12-20,250.68362,224.2,195.45,125.3,299.6,213.1,91.375649,62.36,206.56524,196.53291,539.5,150.8,120.0,176.1,97.56,34.01,151.95,20.12,17.12,177.0
2024-12-23,251.76734,225.6,194.45,125.5,299.0,214.7,91.935092,62.6,210.14636,196.53291,542.0,148.1,120.1,177.5,99.22,34.01,154.85,20.47,17.29,178.2
2024-12-24,251.76734,225.6,194.45,125.5,299.0,214.7,91.935092,62.6,210.14636,196.53291,542.0,148.1,120.1,177.5,99.22,34.01,154.85,20.47,17.29,178.2
2024-12-27,258.12187,227.6,195.7,127.2,299.8,220.0,92.727635,62.62,210.63469,196.72846,544.5,149.2,121.8,179.4,101.85,35.03,158.7,20.74,17.49,179.0
2024-12-30,261.47154,226.9,194.75,126.9,300.8,221.7,91.70199,62.54,208.3558,196.53291,540.5,146.6,121.2,180.1,100.45,35.29,156.55,20.73,17.52,182.4
2024-12-31,261.47154,226.9,194.75,126.9,300.8,221.7,91.70199,62.54,208.3558,196.53291,540.5,146.6,121.2,180.1,100.45,35.29,156.55,20.73,17.52,182.4
2025-01-02,274.37764,229.5,197.35,129.5,304.9,232.9,92.028332,63.92,207.21636,199.46623,550.5,150.3,121.6,189.6,102.95,37.26,169.8,21.8,17.49,181.4
2025-01-03,280.4366,230.5,197.7,129.9,306.5,237.7,92.074952,62.62,203.63524,198.2929,549.0,149.5,121.5,192.5,103.7,38.14,163.35,21.43,17.45,181.6
2025-01-06,281.76662,230.1,196.1,129.1,310.7,239.3,90.769586,63.12,202.33302,195.75069,547.5,150.7,120.8,195.1,107.9,37.97,165.8,20.3,17.41,182.4
2025-01-07,288.12115,231.0,195.75,128.1,309.8,242.8,91.189168,62.86,204.44913,196.92402,541.0,156.6,120.5,193.5,106.75,37.55,178.0,20.2,17.32,181.8
2025-01-08,284.32814,229.2,193.5,127.8,307.1,243.3,92.214813,62.68,212.91358,199.66179,527.0,152.2,124.0,196.6,104.5,37.12,177.65,20.22,17.06,181.8
2025-01-09,284.82073,228.5,197.15,128.4,311.1,245.2,95.198508,64.48,205.26302,204.35511,536.0,150.7,123.9,197.2,107.0,37.5,175.95,19.73,17.34,184.8
2025-01-10,289.74672,229.4,195.2,127.9,314.1,252.2,93.61342,64.38,202.98413,200.63957,538.0,147.2,122.8,199.0,109.0,38.81,195.95,19.775,17.11,184.6
2025-01-13,293.68752,232.1,193.55,127.9,317.2,256.1,92.308053,65.32,198.42635,201.61734,537.5,144.7,122.5,197.6,108.0,39.3,206.9,19.09,16.96,185.8
2025-01-14,286.39705,233.8,197.3,128.2,327.3,255.4,91.841851,65.44,200.86801,203.18178,546.5,141.3,124.3,198.3,110.3,38.97,206.5,19.025,17.23,182.0
2025-01-15,286.88965,235.7,202.4,129.5,333.8,255.3,91.375649,66.92,201.19357,205.52844,562.5,148.5,125.9,195.7,110.3,39.23,212.0,19.12,17.65,186.8
2025-01-16,280.73216,236.5,207.6,130.7,329.6,254.0,91.888471,67.14,201.84468,205.13733,568.0,148.5,124.6,197.2,109.45,38.5,205.3,18.835,16.97,185.0
2025-01-17,281.37254,237.8,210.3,132.6,332.0,256.5,92.681015,68.7,204.28635,205.13733,571.5,153.5,125.7,197.5,116.15,38.25,199.0,18.36,16.83,186.0
2025-01-20,277.28397,237.7,210.6,134.1,333.3,252.2,93.053977,69.48,207.70469,204.74622,565.5,154.0,123.9,197.2,117.8,37.75,197.0,18.7,16.87,186.0
2025-01-21,271.02796,238.6,210.9,134.0,334.3,247.8,93.520179,67.42,210.79747,206.50622,571.0,155.0,124.6,194.5,116.45,37.6,190.0,18.58,16.75,186.4
2025-01-22,268.90979,238.5,211.7,133.0,332.0,248.1,93.193838,66.68,218.12248,208.26622,571.5,161.9,126.6,196.3,120.0,37.74,186.65,18.16,16.58,190.4
2025-01-23,272.40724,241.4,215.6,135.9,332.0,249.3,92.774256,66.48,223.1686,204.35511,585.5,163.4,126.9,195.8,118.0,38.05,191.45,18.69,19.6,191.2
2025-01-24,263.9838,240.4,214.8,132.7,328.6,240.0,93.893141,66.7,223.00582,222.7373,577.0,166.3,130.2,191.1,118.0,36.45,180.7,18.21,19.56,191.8
2025-01-27,263.93454,241.5,215.5,135.0,333.3,239.0,95.198508,65.26,220.56415,226.6484,583.0,167.0,131.4,191.0,112.65,35.2,182.4,18.435,21.96,191.0
2025-01-28,261.71784,244.3,219.6,136.4,338.5,238.8,96.037672,65.32,219.58748,228.21284,592.0,168.6,132.4,189.5,112.0,34.34,182.65,18.18,22.4,196.8
2025-01-29,266.59457,245.6,221.8,138.1,338.9,238.2,96.970076,66.38,221.54082,226.84395,600.0,166.8,133.3,186.2,113.25,34.58,190.65,18.145,22.6,197.2
2025-01-30,267.48125,244.1,230.0,138.8,345.0,237.2,98.182202,67.76,219.75026,228.21284,610.5,167.5,133.8,187.5,113.15,34.42,195.55,18.23,22.84,202.0
2025-01-31,269.59943,240.8,227.3,138.4,339.0,236.7,98.182202,66.96,219.09915,227.03951,599.5,167.7,133.5,187.3,114.0,34.78,199.15,18.4,22.32,203.0
2025-02-03,269.30387,238.2,218.8,138.2,333.8,236.1,96.410634,66.04,217.79692,227.43062,574.5,166.2,132.4,184.1,108.5,34.93,198.9,18.17,20.9,197.0
2025-02-04,273.688,240.2,219.2,138.9,336.6,240.8,95.75795,66.38,215.84359,229.19061,571.0,164.6,132.7,187.6,112.35,34.97,209.6,18.85,21.94,199.2
2025-02-05,262.40748,243.0,217.5,138.4,335.1,245.0,95.66471,66.1,213.23914,226.84395,572.0,165.9,131.8,187.9,136.1,34.57,206.0,18.48,21.7,197.0
2025-02-06,258.86077,243.5,216.4,140.7,334.0,243.0,96.690355,68.58,209.33247,225.47507,567.0,167.8,132.0,184.6,142.15,34.06,200.7,18.4,22.36,197.0
2025-02-07,260.2893,240.1,215.8,139.8,310.3,245.0,96.690355,67.78,196.63579,225.08396,565.5,163.3,133.5,185.5,144.3,34.27,202.2,18.7,22.06,197.0
2025-02-10,268.46645,240.3,217.3,138.8,312.6,251.7,97.249798,67.2,184.42744,223.32396,569.5,163.1,135.6,187.3,140.9,34.8,194.45,18.485,22.24,195.6
2025-02-11,277.33323,241.2,218.9,139.5,320.0,257.6,97.436279,65.68,184.42744,225.67062,574.5,166.0,137.1,190.2,143.95,36.91,196.2,19.39,22.54,197.0
2025-02-12,265.85567,237.2,216.3,139.7,316.8,249.1,96.317393,65.7,184.753,225.47507,568.0,166.4,124.4,185.4,143.1,36.09,202.1,19.475,21.24,197.0
2025-02-13,256.95,238.9,219.5,139.5,322.1,245.4,101.25914,66.74,185.40411,224.69285,579.5,168.8,123.6,181.3,141.7,34.36,199.3,19.43,22.58,196.4
2025-02-14,257.7,239.8,222.5,138.6,323.1,245.7,100.23349,65.82,187.35744,223.12841,599.5,190.4,122.6,181.1,143.25,34.53,198.3,18.795,22.9,196.2
2025-02-17,252.65,242.8,221.0,138.6,327.2,237.1,100.69969,67.52,200.2169,224.8884,589.0,186.1,124.4,182.9,143.0,32.73,195.85,18.515,23.18,198.2
2025-02-18,253.0,243.9,219.9,139.2,329.6,237.5,99.394328,65.88,202.65857,224.10618,594.5,186.6,123.5,184.7,146.9,32.9,197.45,18.93,23.2,199.2
2025-02-19,260.15,249.8,219.0,139.2,321.9,239.6,98.741645,66.06,208.51858,221.36841,585.5,177.0,122.3,184.7,149.15,33.56,197.75,18.795,23.16,196.4
2025-02-20,259.4,249.4,216.2,140.0,317.8,240.7,98.648405,67.76,209.16969,219.99952,577.0,177.8,121.4,184.5,152.75,33.62,186.25,18.805,23.3,196.6
2025-02-21,258.15,252.6,215.3,141.2,320.5,238.2,99.394328,66.44,217.63415,219.60841,575.0,175.0,123.4,181.6,153.5,33.5,186.3,19.2,23.64,196.0
2025-02-24,258.1,254.3,214.4,142.5,324.0,235.3,100.69969,66.78,215.68081,221.75952,574.0,171.7,122.3,187.0,149.0,33.01,179.0,18.425,22.96,194.8
2025-02-25,253.95,254.1,215.0,145.1,327.3,233.8,100.32673,66.62,219.4247,222.34619,573.5,171.3,122.7,182.2,144.2,32.86,179.0,18.105,22.98,195.2
2025-02-26,255.05,258.7,215.7,145.3,329.7,231.4,101.07266,67.54,222.51748,226.06173,573.0,170.1,124.9,178.7,146.35,32.08,179.1,18.075,23.16,195.0
2025-02-27,258.9,258.6,209.4,144.6,328.8,233.2,100.97942,66.92,218.93637,225.67062,556.5,169.8,124.0,178.4,143.75,31.98,173.05,18.025,22.78,189.8
2025-02-28,257.4,259.0,209.4,145.8,319.7,232.5,101.35238,66.22,222.19193,225.67062,557.0,168.3,122.5,172.7,137.45,31.7,181.05,17.94,22.76,186.4
2025-03-03,259.55,262.0,206.2,146.0,317.0,232.5,102.19154,67.26,257.51475,227.23506,547.0,166.7,124.4,168.0,137.55,31.68,183.3,17.56,22.66,185.8
2025-03-04,248.1,256.2,199.0,146.8,312.6,217.0,103.21719,63.68,255.23586,227.62617,528.5,158.3,121.5,158.0,130.15,29.87,181.5,16.91,21.82,179.4
2025-03-05,244.05,261.1,199.05,144.4,320.0,216.3,101.53886,66.84,265.16531,227.03951,537.5,164.1,122.1,160.0,132.45,29.6,178.0,16.895,22.58,180.2
2025-03-06,242.65,262.8,198.1,143.7,331.4,218.3,99.76729,71.48,262.88642,225.08396,537.0,167.6,123.7,158.3,132.4,29.69,175.8,16.695,22.94,179.2
2025-03-07,252.25,265.4,203.0,146.0,332.1,227.9,101.07266,70.26,253.93363,224.49729,546.0,166.0,125.1,158.7,132.25,30.56,178.8,17.03,23.2,180.0
2025-03-10,263.05,264.8,200.9,147.1,335.0,231.8,100.88618,67.4,245.79473,224.30174,540.5,167.0,124.8,153.3,127.6,30.6,167.05,17.12,22.94,175.0
2025-03-11,258.3,263.0,200.1,146.9,333.5,228.4,100.04701,67.84,251.49196,225.67062,530.0,161.3,124.3,154.3,125.85,30.61,164.7,16.83,22.62,170.4
2025-03-12,254.9,260.1,196.6,145.7,330.0,225.3,99.301088,66.58,250.84085,229.58172,515.0,160.4,125.8,160.4,128.4,31.11,165.9,16.975,22.4,169.6
2025-03-13,259.35,266.4,198.5,148.2,325.5,230.8,100.04701,67.7,256.70086,235.44838,520.5,157.5,128.0,160.0,129.25,31.66,168.1,17.47,22.46,174.6
2025-03-14,257.1,269.2,201.5,148.4,329.0,230.0,101.35238,67.58,268.74643,235.44838,525.0,159.0,130.0,162.4,133.15,31.23,162.45,16.905,23.24,173.2
2025-03-17,261.0,270.4,203.8,148.5,332.4,233.9,102.37802,68.8,272.49032,236.62171,533.0,165.5,130.6,165.3,130.75,31.76,168.55,17.435,23.5,175.2
2025-03-18,263.55,273.4,205.7,148.5,340.6,241.0,102.19154,69.44,261.42142,237.40393,538.5,168.1,130.5,167.5,133.3,32.23,169.3,17.745,23.52,177.0
2025-03-19,267.3,274.1,206.0,148.2,343.1,243.8,103.03071,69.46,264.35142,237.79504,540.0,169.6,132.3,168.8,135.05,32.92,175.9,17.85,23.08,176.0
2025-03-20,268.1,274.1,205.6,148.4,340.0,244.2,102.37802,68.14,259.30531,238.77282,538.5,166.5,132.2,171.0,135.45,32.99,178.0,16.605,22.56,174.8
2025-03-21,270.85,272.0,206.3,150.0,334.2,242.8,103.86987,66.08,255.88697,226.00947,536.0,162.2,132.3,168.3,134.05,33.22,172.1,16.45,22.58,173.6
2025-03-24,268.6,272.7,206.1,148.5,333.2,241.9,103.86987,66.72,254.25919,229.74029,531.0,158.5,132.6,170.0,135.9,32.65,170.75,16.325,22.18,171.8
2025-03-25,270.1,275.3,207.7,148.4,321.7,242.1,104.52255,66.62,253.11974,233.27476,529.0,159.5,134.4,169.5,132.9,32.82,169.45,16.435,21.96,172.6
2025-03-26,275.25,279.6,205.4,149.4,323.7,247.3,104.52255,65.72,257.51475,236.80922,531.0,158.0,135.4,172.4,131.05,33.42,166.45,16.61,22.34,171.4
2025-03-27,275.65,279.7,204.8,149.4,320.0,245.9,105.26848,63.0,254.09641,236.80922,523.0,156.6,134.3,173.0,129.7,33.45,159.5,16.26,21.88,171.4
2025-03-28,273.6,276.7,193.1,150.4,314.2,244.0,105.64144,61.66,246.28307,235.23835,494.0,153.3,134.8,169.3,128.0,33.13,156.3,16.3,21.5,169.4
2025-03-31,278.65,275.5,194.6,150.5,315.9,249.5,107.50625,60.32,249.86418,237.3983,504.0,149.1,133.0,167.6,126.4,33.91,153.7,15.91,20.88,171.2
2025-04-01,279.4,273.9,191.55,151.7,317.2,248.9,107.59949,59.96,254.74752,236.61286,500.5,149.4,132.6,165.4,126.2,34.17,157.25,15.73,20.8,169.6
2025-04-02,277.2,273.1,188.2,149.4,307.9,245.4,106.0144,58.58,247.74807,236.4165,487.6,149.0,132.7,162.0,125.0,33.37,153.7,15.47,20.56,168.2
2025-04-03,263.05,262.9,187.45,150.4,302.8,229.0,107.41301,56.86,257.67753,236.4165,482.0,147.2,130.3,154.6,120.05,30.99,150.9,14.965,19.67,167.8
2025-04-04,252.65,246.7,182.1,146.1,297.1,213.5,106.4806,53.88,236.51639,226.99126,475.8,141.5,122.4,140.7,110.6,29.3,134.9,13.555,18.95,162.6
2025-04-07,250.5,241.4,182.2,139.5,305.0,218.6,104.05635,54.4,238.14417,220.70777,469.8,143.0,118.9,142.3,110.9,29.16,151.0,14.83,18.49,160.6
2025-04-08,251.6,244.1,183.0,140.7,302.5,218.7,106.0144,54.1,244.32973,226.99126,477.0,143.4,122.0,144.9,108.4,28.97,148.1,14.51,18.62,162.0
2025-04-09,237.5,239.2,180.0,137.7,297.6,209.4,104.80227,51.84,241.07417,222.27864,467.8,143.3,118.3,137.4,104.8,27.28,145.25,13.825,18.49,164.0
2025-04-10,245.0,248.4,183.4,141.9,304.8,213.2,105.64144,53.86,247.58529,229.74029,482.6,147.2,118.3,142.1,108.1,27.66,150.4,14.74,17.92,171.4
2025-04-11,244.8,249.5,185.5,142.8,308.0,213.7,107.50625,53.22,247.74807,233.86383,499.0,147.2,117.8,141.4,104.1,27.98,160.7,15.4,18.17,162.6
2025-04-14,247.9,257.9,187.2,145.3,309.3,217.7,108.90485,54.06,257.18919,236.61286,493.8,151.1,120.7,145.5,108.3,28.71,159.15,14.97,18.5,166.0
2025-04-15,247.5,260.0,188.6,146.7,308.8,217.9,111.42235,54.0,265.08392,239.75461,495.2,152.4,121.0,145.9,109.2,28.85,156.2,14.94,19.0,166.6
2025-04-16,247.0,259.9,189.0,149.4,311.6,220.2,113.10068,52.84,261.74698,243.09272,504.0,150.5,118.6,145.5,108.0,29.12,154.85,14.56,18.59,165.8
2025-04-17,247.0,259.9,189.0,149.4,311.6,220.2,113.10068,52.84,261.74698,243.09272,504.0,150.5,118.6,145.5,108.0,29.12,154.85,14.56,18.59,165.8
2025-04-22,243.3,259.9,186.8,150.8,314.4,222.0,111.32911,52.96,254.99169,242.11092,499.4,144.8,120.7,144.9,108.7,29.03,157.4,14.23,18.28,164.2
2025-04-23,239.5,265.5,193.7,148.1,324.4,221.3,112.44799,56.0,245.3064,242.7,530.0,153.4,122.6,147.0,115.3,29.83,162.05,15.135,19.0,167.4
2025-04-24,239.2,263.5,192.9,148.9,326.3,220.5,113.10068,55.48,252.46863,238.3801,526.0,150.5,121.4,151.3,118.4,29.93,165.7,15.115,19.14,167.0
2025-04-25,237.5,264.2,184.8,149.4,338.5,222.3,108.78146,56.5,254.58475,239.36189,499.0,154.7,122.0,153.5,121.9,30.0,170.4,15.415,19.24,169.0
2025-04-28,238.6,267.5,187.3,150.5,347.0,223.8,109.56759,56.38,254.9103,240.73641,506.0,158.3,123.3,154.5,124.2,30.14,170.55,14.82,19.81,172.8
2025-04-29,238.9,269.9,189.0,152.7,350.0,222.3,110.84506,55.24,260.44475,233.66748,512.5,155.9,122.7,155.4,106.9,28.84,172.4,14.99,19.7,173.8
2025-04-30,237.9,258.8,190.1,156.2,335.2,223.2,113.59653,54.6,271.51365,238.18374,512.5,162.5,124.9,156.5,102.5,28.57,174.75,15.3,18.2,178.4
2025-05-02,239.7,261.6,193.3,156.7,339.0,222.0,114.874,55.84,277.37366,244.07451,521.5,166.9,128.3,159.7,112.0,28.27,176.7,15.59,18.1,180.4
2025-05-05,241.3,263.6,192.6,156.7,339.5,219.1,115.26707,55.6,281.5245,246.03811,508.0,167.4,128.2,159.5,111.9,27.66,185.0,15.605,18.32,184.0
2025-05-06,242.6,261.3,187.2,157.2,341.8,221.9,114.97227,55.26,279.00144,246.62718,490.6,164.3,127.5,160.1,110.8,28.12,186.6,15.425,18.19,184.0
2025-05-07,236.4,271.5,186.6,157.7,344.0,221.7,116.34801,55.24,278.18755,248.78714,489.0,149.7,126.0,159.7,115.0,27.92,177.15,14.78,18.32,182.2
2025-05-08,236.3,264.7,186.4,154.7,341.4,226.7,116.15147,56.02,290.15173,249.57257,487.2,149.9,125.8,159.6,114.9,28.02,175.9,14.81,18.69,185.0
2025-05-09,238.2,263.3,187.6,153.1,340.7,232.9,109.46932,57.08,264.83976,248.59078,487.4,145.1,127.0,163.5,116.4,28.69,178.2,15.03,18.92,185.0
2025-05-12,244.0,263.3,188.7,150.8,345.1,236.5,106.61958,57.86,257.75892,242.89636,490.6,148.5,128.5,170.0,121.6,29.54,183.4,15.955,19.94,187.6
2025-05-13,243.8,262.9,189.2,149.7,348.2,239.7,105.83345,57.92,260.93309,244.66359,493.0,146.9,129.6,171.0,123.9,29.6,183.5,16.415,19.77,185.0
2025-05-14,242.1,266.8,189.2,149.8,349.5,241.9,106.42305,58.06,263.53753,246.23447,500.0,148.5,130.7,167.2,125.4,29.56,189.85,17.115,20.08,186.2
2025-05-15,241.1,270.7,191.8,152.0,357.8,239.4,108.78146,57.66,271.59504,252.91068,511.0,149.7,131.9,165.0,122.6,29.29,186.5,17.09,19.56,187.4
2025-05-16,244.9,273.9,193.8,154.0,359.5,242.8,109.86239,57.56,274.68782,255.65971,510.0,153.9,133.0,166.2,123.8,29.94,190.15,17.365,19.55,188.6
2025-05-19,240.9,275.1,192.3,155.8,361.2,238.4,111.13986,56.82,278.67588,256.05243,509.5,154.3,132.3,166.5,120.8,29.1,188.65,17.22,19.63,185.4
2025-05-20,243.7,277.0,191.0,158.3,366.0,236.9,112.61386,57.42,274.36227,255.07063,470.0,154.7,132.2,166.8,121.8,29.24,186.3,17.335,19.7,184.6
2025-05-21,244.7,277.7,194.9,158.5,369.3,237.2,112.71213,57.36,283.722,258.01602,471.6,147.8,133.5,167.4,121.3,29.32,182.4,17.14,19.35,186.0
2025-05-22,237.7,275.6,188.7,153.8,373.7,232.9,111.926,55.94,281.68728,256.24879,453.8,146.1,132.5,165.5,125.8,29.07,177.45,15.055,18.92,184.0
2025-05-23,239.8,275.6,188.6,154.5,376.4,232.9,112.71213,55.76,282.09422,256.05243,456.6,146.6,131.9,163.8,121.8,28.96,182.25,15.7,18.93,188.0
2025-05-26,244.3,276.1,189.3,155.6,377.5,235.7,113.9896,56.76,285.75673,258.99782,459.2,150.8,134.2,166.1,123.5,29.34,194.35,15.86,19.05,188.2
2025-05-27,247.1,277.8,191.9,155.9,379.3,236.0,113.6948,56.7,291.53534,257.23058,467.4,151.0,134.0,171.8,126.9,29.9,188.6,16.215,19.39,187.6
2025-05-28,244.5,273.2,188.7,155.0,377.2,237.2,113.4,56.04,295.19785,253.89248,460.4,152.0,133.0,173.2,124.2,29.88,180.95,16.31,19.74,188.4
2025-05-29,244.5,273.2,188.7,155.0,377.2,237.2,113.4,56.04,295.19785,253.89248,460.4,152.0,133.0,173.2,124.2,29.88,180.95,16.31,19.74,188.4
2025-05-30,239.5,273.3,190.6,156.6,366.0,235.0,113.59653,55.96,292.67479,253.69612,455.0,152.4,133.7,173.8,125.1,29.63,184.6,16.06,19.66,187.4
2025-06-02,244.6,275.5,188.0,156.5,371.7,244.1,112.8104,55.7,292.5934,254.28519,452.4,150.0,135.1,174.9,123.3,30.39,183.3,16.695,19.91,185.4
2025-06-03,245.7,274.4,185.5,155.2,367.8,245.9,112.31906,54.9,300.44744,251.92888,444.4,149.5,134.5,176.0,127.4,30.36,179.85,16.155,19.65,184.8
2025-06-04,247.9,274.9,187.2,155.0,372.1,247.6,112.71213,54.32,297.59882,253.3034,452.6,154.9,135.1,179.1,133.8,30.92,180.15,16.185,20.12,188.4
2025-06-05,244.1,276.3,187.3,155.7,372.4,246.1,113.20347,54.52,311.67912,252.3216,451.4,156.0,134.5,179.9,134.4,30.36,181.8,16.03,20.02,188.6
2025-06-06,246.4,277.3,191.2,155.0,367.9,245.7,113.00693,54.32,297.96507,252.3216,462.4,159.4,134.4,180.3,135.0,30.55,181.5,16.49,20.68,190.0
2025-06-09,246.4,277.3,191.2,155.0,367.9,245.7,113.00693,54.32,297.96507,252.3216,462.4,159.4,134.4,180.3,135.0,30.55,181.5,16.49,20.68,190.0
2025-06-10,254.2,277.3,192.5,153.3,367.7,254.0,112.90867,55.58,302.72633,251.73252,474.6,161.4,135.4,188.3,136.7,31.55,177.75,16.27,21.5,190.0
2025-06-11,257.1,278.7,192.3,153.1,374.0,256.0,108.38839,56.9,309.27814,250.35801,467.0,161.2,135.6,188.4,138.5,31.92,177.3,16.455,22.0,190.8
2025-06-12,261.1,280.0,190.4,153.7,375.6,258.5,108.38839,56.1,313.34759,247.60898,460.6,159.5,133.9,189.5,137.6,32.45,180.75,16.485,22.5,191.4
2025-06-13,273.3,278.4,188.4,152.5,388.4,273.0,108.09359,55.24,313.22551,244.46723,454.4,155.2,133.1,188.9,137.1,33.75,188.45,17.04,22.24,191.2
2025-06-16,272.9,282.4,188.9,152.1,398.5,273.3,106.81612,56.46,313.38829,244.07451,461.6,158.0,135.0,186.9,138.9,33.41,185.0,16.655,22.88,188.6
2025-06-17,278.3,278.5,186.8,151.3,400.8,279.2,105.53865,56.04,316.56246,242.50364,451.6,159.3,133.3,189.7,139.5,34.25,193.9,16.85,23.16,186.2
2025-06-18,277.9,281.9,184.8,152.7,396.7,279.9,106.42305,55.44,317.37635,242.30728,448.2,159.5,135.9,189.6,135.9,34.43,193.1,16.705,22.76,186.4
2025-06-19,285.9,272.1,188.5,155.0,396.5,288.3,107.01265,55.12,315.74857,243.48544,435.4,161.4,135.0,192.0,135.6,35.53,199.5,16.795,23.0,189.0
2025-06-20,280.8,276.9,189.9,153.7,389.8,279.4,106.91438,55.56,320.99816,248.0017,436.2,160.9,137.5,190.1,135.9,35.37,194.25,16.0,23.24,189.4
2025-06-23,278.9,270.2,188.9,154.6,385.8,279.4,106.32478,55.1,315.95204,249.37621,435.6,159.8,136.2,188.4,136.4,35.69,196.4,15.92,23.02,190.0
2025-06-24,257.5,272.1,190.5,155.4,378.7,265.9,105.93172,55.44,308.05731,249.37621,436.2,167.1,138.7,184.8,135.6,33.6,180.35,15.75,23.54,192.4
2025-06-25,254.3,274.5,190.2,155.0,376.4,258.1,106.12825,55.46,299.59285,251.53617,431.6,169.4,139.5,186.0,135.1,32.95,177.55,16.23,23.78,198.0
2025-06-26,253.6,274.3,189.9,153.2,364.6,256.3,105.83345,56.84,307.3655,249.17985,430.0,153.0,139.5,185.1,136.3,32.76,176.25,15.97,23.4,198.4
2025-06-27,254.7,276.8,192.8,155.3,367.9,255.7,106.81612,57.54,308.50495,249.57257,434.8,153.3,140.6,185.3,133.9,32.46,172.95,16.135,23.8,195.4
2025-06-30,255.1,278.6,194.6,156.7,372.0,257.8,107.70052,57.54,318.10885,250.75073,436.8,157.0,142.8,189.3,135.7,32.41,166.45,15.97,23.7,198.4
2025-07-01,254.9,274.2,193.4,156.9,375.2,258.0,107.01265,57.64,305.61564,251.92888,432.4,153.8,142.7,188.0,132.0,32.25,164.7,15.57,23.78,199.4
2025-07-02,258.3,277.5,197.3,156.9,378.3,261.8,106.02998,59.58,295.36063,249.57257,447.4,155.2,141.8,193.0,137.7,32.78,169.5,15.805,24.18,199.6
2025-07-03,260.0,279.0,195.4,155.6,376.3,267.6,105.73518,59.36,296.01174,251.73252,444.2,157.7,142.3,197.1,134.8,33.08,174.2,16.005,24.5,200.5
2025-07-04,261.6,278.2,193.9,157.0,376.0,263.2,105.73518,58.78,299.02313,254.08883,439.0,164.0,141.7,196.9,139.2,33.24,180.7,16.07,23.9,203.0
2025-07-07,259.4,280.9,191.1,156.5,377.9,261.3,105.24385,59.28,302.15661,253.89248,428.8,161.4,141.9,195.5,140.7,33.29,186.45,17.07,24.16,199.8
2025-07-08,261.4,282.6,191.6,156.1,387.0,262.8,105.14558,60.08,300.48813,254.48155,428.0,160.4,140.6,196.0,136.8,33.49,188.45,17.08,24.82,198.6
2025-07-09,264.9,281.8,192.4,156.3,390.4,263.4,104.94905,60.08,264.10726,255.26699,424.8,162.6,138.6,197.2,138.4,33.53,179.55,16.805,25.16,201.0
2025-07-10,268.9,284.5,188.1,156.3,388.2,264.0,104.75251,61.32,265.36879,257.23058,418.0,165.6,140.2,198.4,139.9,33.55,185.5,17.05,24.64,202.5
2025-07-11,272.9,259.4,189.2,156.3,385.0,266.8,105.44038,61.28,267.72907,277.25922,411.6,165.4,146.3,198.0,137.6,33.99,191.3,17.38,22.6,204.0
2025-07-14,270.4,263.1,193.1,157.4,385.8,266.0,105.83345,60.7,262.07253,278.63374,415.8,163.3,145.4,197.2,137.2,34.54,187.4,17.295,23.62,202.5
2025-07-15,265.4,261.6,200.2,157.8,384.2,254.6,106.22652,60.82,262.92712,274.51019,428.0,163.7,145.6,196.8,141.2,34.28,188.3,17.275,23.34,207.5
2025-07-16,264.0,260.4,196.6,158.4,386.0,249.2,106.81612,60.16,257.67753,276.08107,412.0,160.8,146.7,196.0,140.5,34.17,187.65,17.77,24.14,194.0
2025-07-17,264.4,258.1,196.9,161.0,385.7,248.6,108.78146,60.56,258.89836,279.61553,411.8,139.5,147.8,196.0,146.5,34.02,190.3,18.0,24.64,195.2
2025-07-18,265.6,258.5,193.7,162.8,382.4,246.4,107.70052,60.84,261.29934,276.08107,412.4,140.0,147.6,198.6,145.0,34.2,189.0,19.0,24.44,196.0
2025-07-21,262.0,258.0,194.5,160.0,380.5,243.9,106.22652,62.0,254.86961,273.72476,418.8,140.0,147.3,199.9,143.7,33.61,185.25,18.38,24.5,195.8
2025-07-22,261.4,257.3,195.6,161.2,388.1,245.0,106.32478,63.7,255.84627,272.93932,426.4,139.9,146.2,199.1,139.6,33.77,185.1,18.23,24.84,193.4
2025-07-23,256.1,258.5,196.9,161.1,390.2,246.4,106.61958,63.14,253.93363,272.5466,431.6,141.3,147.3,200.4,137.5,34.41,191.6,18.91,25.88,196.6
2025-07-24,260.1,260.7,200.4,159.9,390.5,247.6,106.52132,63.16,252.34655,270.77937,441.2,143.2,147.9,205.6,137.4,34.81,192.1,19.045,25.94,196.6
2025-07-25,257.6,259.3,197.4,158.4,388.1,246.5,105.83345,63.82,249.86418,269.99393,431.0,143.8,147.2,199.3,136.6,34.64,188.05,19.205,24.56,194.4
2025-07-28,265.4,259.5,196.8,157.5,385.4,255.0,105.53865,63.16,248.2364,268.03034,430.8,145.9,148.1,199.4,138.3,35.46,192.85,19.44,24.88,199.0
2025-07-29,271.0,260.4,193.8,159.1,388.2,255.1,106.12825,63.62,251.69544,269.2085,418.2,143.9,149.3,202.4,139.8,35.75,193.7,19.64,24.7,198.4
2025-07-30,268.4,260.9,192.8,158.4,383.7,250.9,106.52132,62.82,251.00363,268.2267,415.4,144.8,147.5,199.6,139.7,35.5,192.6,19.375,24.66,199.0
2025-07-31,267.7,262.3,193.5,158.7,384.1,250.3,107.11092,61.56,252.10238,267.63762,420.0,144.5,147.3,201.8,142.2,35.66,191.6,19.045,24.12,199.8
2025-08-01,261.6,257.7,191.1,161.1,383.4,246.2,106.42305,61.56,248.11432,265.87039,420.4,141.7,145.5,196.4,141.0,35.27,189.3,18.895,24.68,197.6
2025-08-04,259.2,263.8,192.8,164.1,384.4,243.7,107.40572,61.76,252.06169,269.99393,423.0,144.2,148.3,193.4,137.3,34.85,198.9,19.055,24.66,199.0
2025-08-05,258.4,262.6,195.0,162.2,387.7,243.1,108.19185,62.46,253.07905,274.11748,428.2,147.0,149.1,195.0,137.4,35.0,204.5,19.465,25.0,199.4
2025-08-06,261.3,263.2,194.8,162.3,373.1,247.6,107.20919,62.7,248.2364,277.06286,435.0,145.1,150.5,197.8,129.3,35.54,207.5,19.68,24.46,198.4
2025-08-07,254.1,265.6,199.3,160.3,368.8,244.8,108.09359,63.44,242.53918,280.00825,452.6,150.8,150.8,198.2,135.9,34.49,203.3,19.705,24.64,201.5
2025-08-08,252.8,265.7,202.0,159.7,370.0,244.0,108.38839,64.34,242.53918,277.45558,466.2,151.1,150.4,199.0,137.7,34.47,203.4,19.96,25.3,202.5
2025-08-11,249.3,266.4,201.0,161.5,372.4,244.4,109.07626,63.66,238.91737,275.88471,459.6,149.2,150.6,196.6,136.1,34.13,193.2,19.515,25.18,203.5
2025-08-12,250.6,265.3,203.6,161.3,375.3,247.3,109.07626,64.94,243.96348,276.47379,467.4,151.4,151.9,199.7,139.4,34.22,192.95,19.8,26.3,204.5
2025-08-13,250.5,267.6,201.8,163.4,375.3,246.1,109.56759,65.82,240.54515,277.45558,453.2,151.1,153.1,199.1,159.1,34.09,191.45,19.95,25.6,204.5
2025-08-14,250.0,269.3,200.6,164.9,375.8,241.2,110.05893,65.24,243.67862,280.00825,450.0,153.7,155.0,198.5,162.2,34.14,192.95,19.535,25.72,205.0
2025-08-15,249.9,269.1,202.4,165.4,380.5,243.2,110.05893,65.7,241.88806,279.81189,460.0,154.5,155.8,198.4,168.3,34.25,189.2,19.29,25.84,206.0
2025-08-18,244.0,266.7,201.8,166.1,377.5,241.7,109.66586,64.56,247.09696,283.73908,457.4,153.9,157.3,202.8,169.1,33.01,191.4,18.905,25.3,206.5
2025-08-19,246.7,268.7,204.0,166.0,375.6,242.6,110.55026,65.12,231.9993,283.54272,469.4,155.9,155.7,206.2,167.6,32.93,193.15,19.05,25.52,210.0
2025-08-20,250.2,271.4,204.6,166.9,378.0,246.0,113.4,65.32,233.66778,284.72087,472.8,155.4,155.5,203.6,161.0,33.26,194.5,19.055,25.84,210.5
2025-08-21,252.0,273.6,208.2,166.1,372.4,252.4,113.20347,65.22,238.59181,283.93544,497.2,155.5,156.2,205.8,162.3,33.79,201.9,19.08,25.56,209.0
2025-08-22,253.3,273.0,207.0,165.9,374.3,253.9,112.5156,65.84,240.09751,283.73908,496.6,154.9,156.2,206.6,165.2,33.84,209.9,19.615,25.8,209.5
2025-08-25,250.6,274.4,207.0,165.8,372.2,254.2,112.41733,66.66,241.11487,281.57913,499.8,154.1,156.5,207.2,165.3,34.0,207.1,19.2,25.96,211.5
2025-08-26,250.4,272.3,205.6,166.7,378.4,257.3,111.13986,66.52,242.82404,278.04466,498.8,152.9,155.3,211.4,166.2,34.66,206.0,19.305,25.94,211.0
2025-08-27,250.4,267.7,204.0,166.7,368.8,254.7,110.64853,65.58,239.48709,276.27743,494.4,151.8,154.6,210.4,164.4,34.79,206.5,18.0,25.44,210.0
2025-08-28,243.9,265.5,204.6,166.7,363.4,251.0,109.07626,65.84,241.56251,274.90291,498.2,152.2,155.4,206.6,168.3,33.95,206.3,18.0,25.64,206.5
2025-08-29,247.8,264.7,206.6,167.6,365.7,253.9,110.35373,65.18,244.20765,274.11748,514.5,152.8,154.6,209.8,165.9,34.37,206.5,17.94,25.6,209.0
2025-09-01,249.0,265.5,206.2,167.8,364.8,255.3,110.35373,65.12,250.84085,272.35024,515.0,149.5,153.2,208.0,162.2,34.58,206.6,17.84,25.12,206.0
2025-09-02,249.2,265.7,202.8,167.9,364.1,255.5,109.37106,64.36,243.71932,269.01214,507.0,147.0,151.3,208.2,154.5,34.0,204.4,17.94,24.34,205.5
2025-09-03,241.2,261.3,203.2,166.0,360.0,248.2,110.15719,65.54,244.28904,265.08495,508.5,148.8,149.3,203.8,156.8,33.41,216.0,17.925,24.7,206.0
2025-09-04,242.7,264.6,205.6,170.3,358.3,246.7,112.2208,65.7,241.80667,271.95752,513.5,149.4,150.9,198.5,155.8,33.34,218.0,18.27,24.66,207.0
2025-09-05,239.4,263.2,206.4,168.6,359.9,244.2,111.3364,66.8,243.0682,271.76117,514.0,153.0,150.0,197.0,155.0,32.98,222.0,18.355,25.04,209.5
2025-09-08,241.0,263.4,207.4,167.3,361.5,243.3,111.3364,65.82,243.51584,270.97573,520.0,155.3,153.4,197.2,155.0,32.93,227.8,18.52,25.18,208.0
2025-09-09,243.2,263.6,206.2,169.2,370.3,248.0,112.02426,66.54,239.73126,272.5466,515.5,156.0,154.9,199.8,152.9,33.64,223.0,18.61,25.24,209.0
2025-09-10,243.4,267.3,212.0,168.6,363.7,248.5,111.13986,66.26,249.86418,279.02646,535.0,149.5,155.2,202.0,154.2,33.82,224.0,18.195,24.76,206.5
2025-09-11,241.3,266.1,215.8,170.3,369.0,244.5,111.53293,66.28,252.10238,277.8483,548.5,152.1,152.9,203.2,152.1,33.54,221.5,17.975,24.72,205.5
2025-09-12,241.5,267.7,215.8,170.4,370.5,244.2,111.3364,66.82,251.65474,278.04466,551.0,148.7,154.2,201.6,151.8,33.36,230.9,18.075,24.82,208.0
2025-09-15,240.5,270.0,218.4,170.4,371.1,242.5,109.37106,67.62,255.92766,280.99005,560.5,150.0,156.2,201.2,151.4,32.77,236.9,18.4,25.06,208.0
2025-09-16,241.6,268.2,217.0,168.1,367.0,246.4,106.42305,67.58,252.55002,277.06286,553.0,153.0,156.4,201.0,155.4,32.8,232.3,18.355,25.0,203.0
2025-09-17,242.2,265.4,218.0,167.2,362.6,246.3,105.44038,66.66,247.82946,277.25922,563.0,154.0,156.2,201.8,154.5,32.58,235.9,18.345,24.54,200.5
2025-09-18,243.5,265.4,216.8,165.4,359.7,249.0,104.85078,66.82,247.5039,270.38665,566.5,155.0,155.0,202.8,161.3,32.81,232.2,18.55,26.8,199.0
2025-09-19,243.3,270.1,215.2,166.0,362.2,249.0,104.06464,66.24,248.35849,269.99393,558.5,156.0,150.0,201.2,161.8,32.76,230.0,17.85,25.82,197.0
2025-09-22,241.2,266.9,216.0,164.2,361.3,246.3,103.76984,66.32,258.12517,272.35024,559.5,152.0,149.9,200.0,161.0,32.67,230.5,17.65,25.04,197.2
2025-09-23,248.8,270.3,216.8,163.1,371.8,253.8,101.70624,66.86,253.60808,271.36845,556.5,155.6,150.6,205.6,160.7,33.46,237.0,17.435,25.5,199.8
2025-09-24,254.9,267.4,216.6,163.3,374.5,258.3,102.00104,67.18,259.10183,271.56481,556.0,154.6,150.0,203.6,158.5,35.21,236.0,17.465,26.14,198.2
2025-09-25,256.0,266.6,214.4,163.4,377.1,261.6,101.90277,66.44,260.1192,270.58301,547.0,150.5,148.9,207.2,154.6,35.2,230.0,17.25,26.52,195.6
2025-09-26,257.5,273.0,212.8,165.3,370.8,263.3,102.09931,65.8,259.67156,275.88471,542.0,148.5,150.5,209.8,153.7,35.49,230.5,17.075,26.96,192.8
2025-09-29,249.7,273.0,212.2,165.2,370.0,256.9,102.00104,68.0,262.68295,286.88083,540.5,149.5,151.8,212.6,153.9,34.59,228.7,16.85,26.78,193.0
2025-09-30,243.4,271.5,210.8,165.4,364.6,253.1,102.39411,67.6,259.59017,287.27354,533.0,149.0,152.2,206.0,152.8,33.3,228.0,16.48,26.3,194.2
2025-10-01,246.0,270.3,215.6,166.3,370.4,254.6,103.18024,68.74,261.46211,287.07718,550.5,151.6,154.8,208.6,157.8,33.52,225.2,16.515,26.6,192.6
2025-10-02,246.4,268.4,210.8,164.6,369.4,255.4,101.60797,68.4,268.17671,283.93544,537.0,152.8,150.6,208.6,158.1,33.95,224.4,16.39,27.6,191.2
2025-10-03,247.6,269.8,214.4,164.9,367.9,256.3,101.11664,69.38,272.6531,282.95364,548.0,148.4,151.3,209.4,161.3,34.16,228.5,16.395,27.1,191.0
2025-10-06,253.2,269.1,213.2,165.2,369.0,264.9,100.42877,69.7,270.65907,287.27354,553.5,147.9,151.7,211.4,164.8,35.31,228.4,16.35,27.5,191.6
2025-10-07,249.4,265.0,213.8,164.7,366.7,262.8,100.42877,68.92,259.10183,286.48811,555.0,146.3,154.0,210.0,160.8,35.09,217.2,15.89,27.28,189.6
2025-10-08,246.9,268.1,213.6,163.9,373.2,265.6,100.42877,69.36,263.61892,284.32816,556.5,145.0,154.1,211.4,158.5,35.25,217.8,15.845,27.18,190.0
2025-10-09,246.1,268.7,216.0,163.8,379.8,264.1,101.01837,69.8,250.67807,286.68447,564.0,142.7,156.2,211.0,161.5,34.95,230.0,15.645,27.3,190.4
2025-10-10,239.0,276.2,221.0,166.3,374.8,255.9,102.39411,68.42,248.88752,283.93544,570.0,142.9,157.7,205.6,164.5,33.24,232.7,15.7,27.4,191.0
2025-10-13,237.3,272.7,223.2,164.8,375.2,254.8,100.82184,69.86,246.40515,280.59733,580.0,141.5,156.3,201.6,159.3,32.99,233.3,15.87,27.46,193.0
2025-10-14,235.2,273.7,223.2,169.0,372.2,249.6,102.19757,68.56,245.06223,281.77549,583.5,139.8,156.3,201.2,158.2,32.32,220.2,15.815,27.24,191.6
2025-10-15,236.3,275.0,227.2,170.1,381.3,250.6,103.27851,69.4,242.21362,279.81189,599.5,134.0,158.3,199.5,164.9,32.61,230.2,15.965,28.72,192.0
2025-10-16,235.9,273.4,228.4,166.2,382.6,250.2,104.26118,69.94,243.35307,277.25922,611.0,136.1,155.7,194.6,168.4,32.27,235.3,16.015,28.4,191.6
2025-10-17,233.3,269.7,229.0,165.7,376.7,245.8,103.96638,69.82,236.27222,275.29563,616.0,118.5,153.1,192.3,164.1,31.88,230.3,16.285,28.26,192.8
2025-10-20,232.9,271.0,231.2,165.8,375.7,246.0,104.16291,69.92,237.9,274.31383,622.0,120.8,153.4,192.6,165.0,31.92,237.5,16.56,27.84,195.2
2025-10-21,234.7,273.2,229.8,165.9,372.3,248.3,104.75251,69.44,238.95806,274.31383,610.0,128.4,154.2,190.0,166.7,32.64,231.5,16.17,26.9,195.4
2025-10-22,237.4,259.6,228.8,162.9,372.2,256.5,104.45771,70.22,237.45236,275.49199,602.5,130.3,158.5,192.8,164.9,32.9,225.4,16.24,27.0,189.4
2025-10-23,248.3,259.9,230.6,165.1,374.7,266.7,104.35945,70.88,239.12084,275.49199,605.0,128.9,159.4,193.0,164.0,33.93,238.3,16.71,26.74,187.8
2025-10-24,245.4,259.3,230.0,164.0,381.0,266.5,104.55598,68.4,240.34167,261.35413,599.0,127.7,156.0,193.1,163.6,33.58,238.7,16.655,26.3,185.6
2025-10-27,244.1,262.0,229.2,163.5,375.3,258.8,104.16291,68.26,239.28362,269.40485,594.5,126.6,160.5,192.8,167.5,33.63,236.7,16.905,26.08,185.4
2025-10-28,242.0,259.8,227.6,162.9,371.0,253.6,103.96638,68.64,239.24292,269.01214,588.5,125.2,159.4,189.4,166.7,33.1,240.2,17.19,26.18,183.4
2025-10-29,241.9,261.4,227.8,153.0,370.4,258.2,102.00104,68.86,240.1382,271.36845,590.5,127.6,159.3,183.9,155.9,33.5,248.0,17.7,27.04,188.0
2025-10-30,242.6,260.0,223.6,151.7,367.2,262.8,101.31317,67.26,196.31023,269.99393,575.0,126.1,158.1,185.8,149.2,33.9,247.3,17.615,26.78,190.2
2025-10-31,242.0,258.3,222.6,150.6,369.2,262.9,100.9201,68.54,210.83817,267.63762,569.5,124.0,157.1,185.0,147.0,34.08,248.8,17.705,26.68,192.0
2025-11-03,244.2,262.2,221.2,150.1,373.8,262.7,102.00104,68.36,210.91955,267.83398,558.5,121.3,159.2,182.9,146.4,34.16,247.7,17.64,26.62,191.0
2025-11-04,243.1,262.0,221.4,148.6,368.2,258.0,101.90277,67.38,208.51858,269.60121,565.5,120.9,159.1,184.5,142.9,33.73,238.0,17.21,26.0,190.6
2025-11-05,247.1,261.9,225.8,148.8,372.1,257.3,100.82184,67.94,206.32108,270.58301,572.5,120.3,157.7,182.1,139.0,33.93,237.0,17.195,26.0,191.0
2025-11-06,244.9,261.6,224.8,150.2,358.2,256.0,100.23224,68.88,201.23427,270.19029,568.5,118.1,156.9,182.1,136.6,33.87,241.5,17.375,25.74,184.6
2025-11-07,245.9,259.4,223.4,148.9,356.8,257.6,99.347834,69.86,201.03079,270.38665,574.0,117.7,157.1,182.3,132.3,34.26,241.3,17.76,25.48,183.4
2025-11-10,241.4,261.0,225.2,149.4,357.5,256.8,99.446101,71.56,202.57718,270.97573,588.5,121.1,158.0,184.3,136.2,34.2,244.0,17.99,26.0,184.0
2025-11-11,248.7,263.6,223.6,146.1,371.0,264.1,100.23224,71.78,200.09482,272.5466,582.0,125.0,159.0,190.6,134.3,35.07,241.5,17.45,25.92,186.6
2025-11-12,244.2,268.3,225.0,146.5,376.9,262.9,101.70624,74.16,198.06009,276.08107,584.0,124.2,160.6,190.9,138.1,34.84,250.0,17.285,25.52,190.0
2025-11-13,242.0,269.1,223.6,145.3,378.9,261.6,100.6253,74.38,201.19357,272.15388,579.0,123.2,162.2,192.3,138.0,34.85,255.0,17.01,26.44,189.0
2025-11-14,244.6,263.7,221.4,145.0,373.2,262.3,105.24385,72.8,199.32162,271.36845,571.5,121.4,159.9,188.2,137.0,34.86,251.3,17.48,26.44,186.4
2025-11-17,246.8,265.5,220.0,144.2,370.0,262.8,104.45771,72.34,202.61788,271.76117,571.5,120.9,159.3,188.5,135.3,33.83,259.0,17.76,26.52,185.4
2025-11-18,241.7,260.6,217.2,143.0,364.4,258.4,102.39411,70.02,197.57176,267.83398,563.0,116.2,155.8,186.1,128.2,32.98,256.4,17.625,26.82,180.4
2025-11-19,236.0,261.4,219.6,141.5,363.3,253.1,103.18024,71.0,192.40356,269.2085,569.5,121.0,156.3,186.2,131.1,31.8,258.0,18.02,26.68,185.0
2025-11-20,240.5,265.5,218.4,144.0,361.0,258.1,102.59064,70.92,198.7926,271.95752,571.5,121.4,157.3,192.6,134.1,33.13,262.5,17.315,26.76,186.6
2025-11-21,234.9,264.6,218.4,145.1,365.2,250.8,104.26118,70.54,188.61897,270.77937,568.5,119.9,158.4,191.0,130.4,32.08,261.0,17.08,26.4,184.8
2025-11-24,231.8,264.8,219.0,145.8,362.2,246.2,104.26118,71.86,186.50286,269.40485,563.5,120.9,158.4,192.4,130.4,31.6,251.6,16.7,26.22,186.0
2025-11-25,229.7,266.7,220.0,146.7,365.4,242.9,105.44038,71.62,188.08994,271.17209,576.0,125.0,157.5,196.8,127.9,31.25,248.8,16.695,26.7,188.4
2025-11-26,231.1,268.9,223.4,147.2,366.9,244.3,106.42305,71.18,190.24675,274.51019,585.5,126.3,158.4,195.7,131.3,31.31,246.7,16.825,27.12,189.0
2025-11-27,231.8,272.0,224.8,147.0,368.0,244.6,106.22652,72.18,199.40301,276.8665,592.5,126.3,158.5,193.1,134.4,31.35,244.1,17.6,27.7,190.0
2025-11-28,233.1,270.5,229.6,146.1,369.5,246.3,106.42305,72.38,195.0894,278.04466,591.0,125.1,157.4,195.1,134.2,31.63,242.0,17.92,27.6,190.0
2025-12-01,232.6,270.0,227.4,144.8,372.5,247.3,105.83345,72.62,193.05467,279.41917,585.0,129.5,157.1,193.3,130.9,31.9,235.4,18.095,27.8,192.0
2025-12-02,230.6,274.8,229.0,145.1,376.4,244.9,105.73518,71.9,194.27551,282.56092,587.5,127.4,158.1,188.8,131.5,31.32,233.7,17.9,27.72,194.0
2025-12-03,234.4,273.0,233.8,143.9,380.0,250.1,105.24385,72.9,195.74051,274.90291,603.5,131.9,155.7,191.3,133.0,31.78,240.9,18.11,27.82,190.8
2025-12-04,235.2,268.5,235.4,145.0,384.8,251.6,105.83345,73.92,200.05413,277.8483,608.0,136.2,157.5,196.4,136.8,31.75,235.5,18.305,27.72,192.2
2025-12-05,235.6,270.0,236.8,145.0,389.9,253.1,105.73518,73.96,200.37968,277.65194,605.0,136.9,156.8,200.6,136.9,32.16,235.8,18.215,27.92,192.0
2025-12-08,235.3,270.5,237.6,144.8,393.2,253.6,104.94905,74.3,204.77469,276.8665,612.0,135.9,159.0,202.0,135.1,32.25,241.1,18.625,28.74,191.8
2025-12-09,234.1,271.7,236.4,144.1,379.2,251.2,107.20919,74.34,208.76275,286.68447,605.5,133.0,159.4,200.2,134.5,32.16,232.7,18.52,28.66,190.0
2025-12-10,230.0,271.6,236.0,143.2,384.0,247.7,107.11092,74.64,201.39704,284.52451,607.0,131.0,165.3,197.3,129.9,31.7,229.3,18.23,28.44,190.0
2025-12-11,231.6,273.6,234.8,143.8,397.0,249.7,107.89705,75.86,203.51316,284.72087,604.0,133.8,165.6,197.3,130.1,32.03,231.9,18.07,27.9,188.2
2025-12-12,232.7,271.7,233.4,144.1,395.8,250.0,107.30745,75.8,204.36774,286.29175,604.0,135.0,165.8,196.5,131.5,32.14,233.8,17.31,28.24,192.4
2025-12-15,232.4,276.8,236.2,145.0,398.1,247.5,109.27279,74.88,204.73399,289.23714,608.0,133.4,168.4,195.6,129.0,32.1,231.8,17.34,27.94,193.4
2025-12-16,227.0,274.5,236.4,145.1,399.2,242.4,109.46932,75.98,200.78663,287.66626,607.0,134.9,168.6,193.6,128.9,31.34,231.5,17.86,28.5,194.0
2025-12-17,232.1,275.1,240.4,145.4,405.3,245.5,109.66586,77.68,205.50719,286.29175,615.0,137.7,169.0,193.6,128.8,31.69,233.3,17.54,28.76,197.6
2025-12-18,231.9,275.8,239.2,145.6,402.8,243.1,110.64853,77.32,208.92552,290.61165,608.5,133.4,170.3,194.1,127.1,31.53,229.0,17.485,29.1,194.6
2025-12-19,232.1,280.7,242.6,142.9,410.8,245.4,110.74679,77.68,210.18705,291.20073,622.0,133.3,171.2,198.9,128.3,31.57,222.0,17.105,29.26,193.8
2025-12-22,230.2,280.9,243.4,143.2,413.0,251.4,109.66586,77.52,211.28581,292.96796,618.0,131.5,171.0,205.6,128.5,31.6,222.4,16.985,29.64,193.8
2025-12-23,232.0,282.4,240.2,143.8,416.9,250.3,110.05893,77.88,212.18108,293.36068,607.5,132.8,171.8,205.0,129.9,31.61,215.4,17.07,29.5,196.0
2025-12-24,232.0,282.4,240.2,143.8,416.9,250.3,110.05893,77.88,212.18108,293.36068,607.5,132.8,171.8,205.0,129.9,31.61,215.4,17.07,29.5,196.0
2025-12-29,235.2,280.3,242.8,146.2,412.0,252.8,110.64853,77.28,210.67539,292.37888,613.0,135.3,170.8,201.0,132.2,32.35,220.4,17.43,30.12,197.6
2025-12-30,237.0,281.5,243.2,146.7,414.0,256.9,110.55026,78.2,210.47192,296.50243,617.5,136.0,172.7,203.2,133.3,33.0,222.4,17.64,30.48,199.4
2025-12-31,237.0,281.5,243.2,146.7,414.0,256.9,110.55026,78.2,210.47192,296.50243,617.5,136.0,172.7,203.2,133.3,33.0,222.4,17.64,30.48,199.4
2026-01-02,241.6,283.5,244.2,145.8,410.6,259.9,110.25546,79.46,219.09915,296.30607,619.0,136.5,171.2,208.0,137.3,33.4,208.6,17.27,30.58,196.6
2026-01-05,237.7,280.5,240.0,144.5,414.0,255.6,107.11092,81.58,226.22068,292.57524,599.5,134.2,171.9,209.0,136.7,32.58,212.7,17.25,30.28,195.6
2026-01-06,239.5,279.0,233.6,145.3,413.1,262.4,108.48666,83.34,230.08666,295.12791,587.5,138.3,172.3,216.4,138.0,33.33,218.7,17.42,31.0,197.2
2026-01-07,232.2,277.0,232.8,144.3,400.5,253.1,107.60225,81.58,232.04,286.48811,589.0,136.6,169.6,210.4,140.4,31.77,233.0,18.11,30.9,197.8
2026-01-08,232.8,277.0,233.6,146.0,392.4,253.6,109.07626,80.14,233.4643,286.68447,580.5,134.1,172.4,209.4,137.4,31.78,239.8,18.13,30.6,195.2
2026-01-09,239.7,276.2,231.2,144.0,396.2,262.5,109.07626,81.68,243.55654,277.65194,579.5,135.4,169.2,210.0,138.1,32.69,244.4,18.195,30.24,196.0
2026-01-12,240.2,277.5,232.2,143.2,397.5,262.8,110.15719,81.9,247.78876,277.45558,579.5,136.5,168.8,212.0,136.5,33.59,252.4,18.54,30.34,194.8
2026-01-13,246.4,277.9,230.4,142.0,406.7,274.4,109.56759,82.72,243.51584,276.47379,576.5,132.1,170.5,218.8,137.5,34.31,264.1,18.745,30.44,196.6
2026-01-14,250.0,282.7,225.6,144.4,422.0,275.6,110.45199,84.36,244.73668,272.74296,569.0,133.5,170.2,221.0,133.2,34.69,267.0,18.585,30.56,198.4
2026-01-15,247.4,282.6,232.8,143.2,423.8,270.3,111.13986,84.9,247.09696,276.08107,579.5,132.5,172.3,221.0,138.6,33.84,259.1,18.04,30.6,199.6
2026-01-16,256.0,282.7,223.4,143.1,418.3,278.9,111.13986,83.8,270.53699,274.11748,571.0,132.2,173.0,222.6,137.3,35.0,267.2,18.255,30.14,198.2
2026-01-19,247.5,278.2,218.6,146.3,412.5,275.4,111.13986,83.28,268.2174,273.5284,554.5,127.6,171.3,218.6,131.8,34.56,263.0,17.72,29.44,196.4
2026-01-20,251.1,277.6,220.0,145.8,417.7,276.9,110.45199,82.52,269.92657,270.77937,556.0,125.0,169.5,221.6,131.7,34.84,259.2,17.9,29.2,195.0
2026-01-21,253.3,279.2,214.6,146.4,421.2,279.7,109.27279,85.1,269.23476,271.36845,547.0,126.4,169.0,226.2,134.4,35.16,257.6,17.86,29.2,194.8
2026-01-22,243.0,279.8,215.0,156.6,424.9,272.2,110.94333,84.08,256.57878,271.95752,553.5,129.2,172.1,226.8,137.9,34.18,252.3,17.9,29.52,196.4
2026-01-23,249.7,278.0,211.2,154.9,440.0,279.5,109.66586,85.96,260.8517,260.56869,528.0,130.0,168.7,236.4,134.1,34.71,257.9,17.74,29.84,197.0
2026-01-26,249.0,280.7,213.0,157.0,443.9,275.9,110.94333,86.68,259.26461,267.63762,534.5,128.6,170.3,235.0,131.7,34.33,263.4,17.65,29.8,197.4
2026-01-27,250.7,282.9,215.0,156.5,436.6,274.0,110.64853,86.22,263.37476,270.38665,546.0,129.5,170.5,236.4,130.8,34.3,261.0,17.8,29.02,193.0
2026-01-28,253.7,278.9,216.8,159.4,440.0,276.7,111.13986,87.36,261.25864,268.81578,554.5,131.8,168.9,242.0,130.8,34.65,266.2,18.28,28.72,194.6
2026-01-29,257.4,275.6,221.0,161.4,445.7,283.2,111.72946,88.72,262.52017,268.2267,573.0,130.2,168.0,242.8,127.5,34.86,266.5,18.3,28.46,192.2
2026-01-30,257.0,276.7,221.4,162.0,443.2,281.4,112.2208,86.32,269.03129,268.81578,573.0,128.1,168.5,245.6,129.6,34.87,274.5,18.645,28.64,193.8
2026-02-02,252.7,280.9,220.6,162.8,444.3,276.4,112.8104,86.04,268.33948,272.35024,562.0,125.5,171.7,248.0,128.5,34.37,273.8,18.725,28.26,190.4
2026-02-03,251.9,283.5,225.2,157.2,445.4,273.7,114.08787,87.76,271.51365,272.15388,580.5,124.2,171.6,245.4,125.0,33.32,274.7,18.765,28.4,193.4
2026-02-04,253.2,292.9,226.6,159.9,449.4,264.2,115.56187,88.6,268.62434,270.58301,580.0,126.7,172.3,245.0,131.5,33.49,270.4,18.305,28.28,181.6
2026-02-05,257.5,288.1,228.4,161.9,451.7,262.9,117.03588,86.6,261.62489,272.74296,594.0,126.1,171.4,241.8,149.6,33.81,275.3,18.335,28.08,171.4
2026-02-06,265.7,290.3,228.4,173.5,455.0,267.9,118.80468,88.28,302.36008,275.88471,597.0,126.1,174.7,243.6,155.2,34.07,278.5,18.355,27.96,172.6
2026-02-09,264.0,289.2,227.4,173.5,461.9,267.5,118.41161,89.5,308.91189,273.5284,593.0,130.7,173.8,250.0,151.4,33.87,278.0,18.47,29.7,176.0
2026-02-10,265.2,294.5,225.2,173.0,466.6,263.3,118.70641,89.64,306.55161,270.58301,582.5,133.5,174.1,250.4,153.2,33.36,276.5,18.425,28.78,175.0
2026-02-11,270.3,292.5,229.6,176.6,457.3,275.0,119.78735,91.1,293.52937,270.77937,595.0,130.3,179.7,249.6,151.3,33.71,281.6,18.585,29.0,174.0
2026-02-12,269.1,295.6,228.2,177.1,460.9,275.1,126.66603,91.24,296.17452,264.88859,582.5,134.0,177.5,252.6,148.7,33.7,284.0,18.735,28.88,172.8
2026-02-13,267.7,292.8,227.8,177.0,456.1,274.0,127.55043,85.82,299.83702,261.74684,586.0,122.4,175.0,251.8,142.2,33.75,289.7,18.81,25.0,173.0
2026-02-16,263.5,296.5,227.4,177.1,446.0,270.2,126.4695,84.44,301.87175,263.12136,582.0,122.8,175.8,254.8,141.0,33.18,294.4,19.35,26.86,176.0
2026-02-17,259.3,298.9,228.8,176.3,445.0,266.9,127.55043,82.02,306.30745,262.33592,579.0,118.8,176.2,256.4,137.1,32.91,292.3,19.14,28.16,176.2
2026-02-18,269.3,302.0,230.6,175.8,454.3,279.6,124.01282,83.76,322.82941,261.74684,585.0,120.7,178.3,261.0,144.2,34.28,313.1,19.705,28.28,175.6
2026-02-19,279.2,298.6,229.6,176.0,460.0,286.2,125.09376,83.7,319.81802,261.55049,580.0,120.0,179.2,262.8,142.8,35.04,324.4,20.22,28.88,175.4
2026-02-20,273.7,305.1,232.6,174.2,467.8,281.9,127.84523,85.36,323.6026,262.72864,593.5,119.7,182.5,261.8,144.5,34.35,324.6,20.43,29.32,179.4
2026-02-23,277.5,304.0,223.4,173.6,465.5,283.8,127.9435,87.4,318.80065,264.49587,571.0,117.0,182.6,257.4,141.2,34.67,325.9,20.26,29.8,176.2
2026-02-24,280.2,299.0,230.6,173.9,464.7,284.1,128.2383,87.58,315.46371,263.9068,590.0,116.4,177.6,257.6,141.5,35.0,342.1,21.89,29.86,176.6
2026-02-25,279.3,304.1,226.2,172.5,470.5,283.6,127.84523,89.72,312.49301,269.2085,577.5,114.1,179.4,263.8,140.6,34.91,342.0,22.35,30.56,176.0
2026-02-26,279.0,303.6,224.0,172.1,473.4,280.7,127.6487,86.72,308.70842,264.10316,566.5,116.7,179.8,265.0,139.2,34.82,349.9,21.76,30.64,176.0
2026-02-27,281.6,301.5,224.2,176.3,480.7,286.2,127.84523,88.14,313.9987,263.51408,569.0,117.6,180.2,274.8,143.3,35.49,354.0,22.24,30.54,176.8
2026-03-02,304.6,301.3,221.0,174.8,486.7,296.2,126.1747,90.36,321.12024,263.12136,557.5,117.4,178.5,265.8,141.5,37.63,364.0,22.77,30.42,175.4
2026-03-03,308.8,292.3,216.2,171.7,490.6,307.9,122.34229,87.52,314.44634,256.6415,544.0,113.9,171.3,246.0,136.0,38.82,349.8,23.13,29.56,172.0
2026-03-04,300.1,299.6,221.8,173.4,484.1,300.0,123.81629,91.84,323.72469,261.74684,561.0,114.7,175.0,252.8,145.1,37.65,351.5,23.5,30.72,174.2
2026-03-05,307.3,297.3,223.8,170.3,490.7,304.5,123.03016,89.42,315.95204,261.15777,564.5,116.0,175.6,253.6,143.6,38.11,343.8,22.78,30.28,172.8
2026-03-06,316.7,291.8,223.4,170.0,489.9,309.0,122.04749,90.6,318.02746,257.03422,567.0,116.1,173.3,249.4,141.4,38.68,330.4,22.52,29.32,173.2
2026-03-09,325.4,289.9,215.4,169.0,498.7,311.2,122.14575,89.38,326.81747,255.65971,552.5,112.5,169.6,261.8,138.7,39.89,339.7,22.73,28.7,170.0
2026-03-10,313.1,292.3,218.0,170.1,493.2,304.4,116.34801,89.6,327.59066,258.80146,557.0,113.6,174.0,261.6,147.1,38.53,347.5,23.14,29.18,169.6
2026-03-11,321.8,291.1,219.2,170.5,513.8,310.4,115.85667,93.08,319.69593,260.17597,564.0,112.6,173.9,258.0,148.3,39.29,321.0,22.77,28.9,169.8
2026-03-12,332.5,289.0,222.4,171.1,558.8,315.5,115.66014,96.66,333.12512,259.97961,581.0,112.8,172.5,250.6,147.2,40.2,301.2,22.68,29.0,171.4
2026-03-13,338.9,290.9,221.0,171.8,567.0,318.8,116.54454,96.1,335.93304,262.72864,581.5,111.7,172.6,257.4,148.9,41.22,293.1,21.86,28.7,170.6
2026-03-16,348.3,292.9,225.6,172.9,552.8,335.2,117.33068,94.04,336.09581,264.88859,597.5,114.5,174.5,257.6,158.1,42.54,297.6,22.69,28.16,170.2
2026-03-17,355.1,292.5,223.4,172.2,556.4,341.7,116.54454,93.52,332.06706,263.9068,595.5,115.0,175.2,256.4,161.1,43.87,301.0,22.99,28.46,170.0
2026-03-18,359.0,296.8,223.2,170.5,559.2,342.9,115.85667,90.44,341.58957,262.53228,588.5,116.6,176.6,256.2,160.8,44.34,313.0,24.0,28.32,167.6
2026-03-19,398.6,293.9,214.4,168.4,547.0,366.8,112.90867,85.54,335.64817,257.23058,560.0,113.8,170.4,253.4,150.3,49.97,310.2,23.54,26.0,164.0
2026-03-20,394.9,289.6,212.2,165.9,516.4,351.6,112.71213,85.92,325.80011,256.6415,555.0,110.0,168.5,254.4,146.0,47.99,310.7,22.05,25.78,163.8
2026-03-23,374.5,294.0,212.4,167.3,493.6,329.5,113.59653,87.28,325.1083,257.23058,545.0,111.3,170.0,263.8,147.0,44.98,327.1,22.13,27.2,165.6
2026-03-24,384.3,288.6,211.6,166.4,519.4,342.2,115.36534,87.8,317.13218,250.75073,538.5,110.5,167.7,267.4,146.9,46.08,342.0,23.02,27.1,166.0
2026-03-25,392.2,290.1,215.0,165.8,528.2,345.1,116.54454,91.58,321.56788,253.49976,545.5,113.4,170.7,271.2,153.3,46.67,327.9,22.58,28.48,168.0
2026-03-26,397.5,289.9,217.0,166.0,533.6,347.8,117.03588,91.1,317.41704,252.51796,560.5,113.0,169.6,279.4,151.3,47.57,334.0,22.6,28.4,170.8
2026-03-27,401.7,289.5,213.4,166.3,539.0,354.6,116.64281,92.62,309.27814,241.8,549.5,110.5,168.4,281.4,146.3,48.83,330.0,22.13,28.28,168.0
2026-03-30,420.2,293.8,216.4,168.1,559.8,362.4,117.92028,101.45,323.76538,247.8,558.5,113.5,171.1,292.0,148.6,50.46,332.7,22.13,28.3,171.0
2026-03-31,420.4,301.2,219.6,170.3,564.0,361.1,119.59081,102.5,335.93304,252.0,565.0,115.5,174.3,300.4,153.0,50.54,339.9,22.87,28.28,174.8
2026-04-01,399.1,304.3,223.8,170.3,561.0,340.2,120.57348,102.6,340.89776,254.4,578.0,116.4,175.4,293.2,152.7,48.14,339.3,22.91,28.14,175.2
2026-04-02,399.1,304.3,223.8,170.3,561.0,340.2,120.57348,102.6,340.89776,254.4,578.0,116.4,175.4,293.2,152.7,48.14,339.3,22.91,28.14,175.2
2026-04-07,411.8,305.8,219.4,170.1,596.8,355.6,119.68908,106.75,341.83374,256.0,567.5,113.3,175.8,302.4,148.8,49.34,349.0,22.72,27.8,173.8
2026-04-08,361.9,304.3,224.0,169.7,537.0,320.4,119.39428,105.85,338.74096,257.8,579.5,117.7,178.9,301.4,158.0,43.6,342.9,23.08,29.28,174.6
2026-04-09,379.1,308.4,220.6,170.3,559.0,338.0,120.37695,106.85,344.68235,261.4,574.5,119.4,178.9,313.6,159.4,46.06,344.2,23.91,28.5,175.6
2026-04-10,367.7,308.5,215.8,169.2,558.6,339.0,120.57348,108.8,330.92761,265.2,554.0,126.3,173.6,311.4,162.0,45.69,326.6,23.15,29.18,176.6
2026-04-13,376.0,307.0,211.6,165.3,570.2,350.0,119.00121,109.8,332.96234,261.4,544.0,121.0,173.1,311.2,164.4,46.46,332.3,23.5,29.12,175.6
2026-04-14,360.6,312.7,212.8,165.7,542.6,344.7,119.88562,107.6,327.14912,262.8,545.0,122.2,175.8,311.6,169.8,44.89,329.1,23.06,29.5,176.6
2026-04-15,352.5,310.2,211.2,160.7,551.0,339.0,119.59081,107.95,325.99979,263.4,543.5,121.2,174.2,305.8,174.6,44.45,335.9,22.99,28.74,174.2
2026-04-16,356.6,306.2,212.4,161.8,557.0,342.9,119.29601,108.55,308.75981,264.8,555.5,122.2,174.4,303.0,178.5,44.5,329.5,22.78,28.78,174.2
2026-04-17,328.7,304.3,212.6,160.3,516.6,320.8,118.11681,102.8,305.80438,261.6,562.0,123.6,174.2,286.8,185.8,41.75,346.3,22.53,28.42,171.2
2026-04-20,336.1,305.4,210.4,162.8,523.4,329.8,118.21508,104.3,303.8341,260.2,561.5,124.3,172.3,293.2,182.5,43.2,342.0,22.01,28.8,170.2
2026-04-21,344.9,308.3,206.2,162.7,527.6,338.2,117.42894,106.2,303.42362,263.2,545.5,124.0,173.1,292.6,184.4,43.78,345.0,21.96,29.02,170.4
2026-04-22,349.6,289.5,203.0,162.7,538.4,343.9,117.23241,107.3,307.2,263.2,539.0,121.5,171.5,309.8,183.4,44.67,316.4,21.18,29.12,170.6
2026-04-23,354.6,280.3,203.2,163.4,535.8,346.7,117.33068,106.55,328.1,259.6,542.0,120.9,169.5,307.8,188.1,45.06,324.6,21.23,29.04,166.8
2026-04-24,356.6,277.2,203.8,164.3,537.0,347.5,114.0,107.3,314.5,260.4,537.0,90.0,168.8,316.0,188.2,45.0,329.7,21.15,28.46,169.2
2026-04-27,356.0,277.7,201.6,162.2,535.8,350.4,113.0,105.8,311.1,260.4,539.5,91.75,168.1,322.4,182.4,45.23,324.8,21.01,28.42,166.2
2026-04-28,361.5,278.0,204.8,153.0,536.0,352.7,112.9,105.8,304.0,254.8,553.0,90.45,167.6,329.0,188.6,46.08,335.8,21.29,27.8,166.6
2026-04-29,368.0,277.9,203.0,150.3,532.2,357.5,112.8,103.45,303.8,260.8,545.5,94.8,173.5,325.0,188.4,46.25,334.5,21.2,27.6,151.0
2026-04-30,371.8,280.6,205.4,152.5,539.0,360.6,114.2,102.25,310.0,259.6,559.0,93.75,178.7,333.2,189.0,46.93,337.0,21.92,27.1,152.4
2026-05-04,376.6,278.4,205.0,153.5,537.4,364.3,113.2,105.75,315.6,254.6,562.0,98.2,176.2,330.4,190.8,47.06,341.3,22.7,28.12,149.0
2026-05-05,383.3,278.0,199.2,152.8,552.8,366.6,110.9,108.15,312.5,250.0,544.0,95.5,175.4,332.2,192.7,47.86,353.7,22.98,27.72,147.8
2026-05-06,349.9,281.1,202.2,153.9,529.6,339.8,113.1,106.75,328.3,255.0,549.5,94.8,180.0,327.8,195.9,44.82,348.7,23.38,27.88,149.0
2026-05-07,339.0,283.3,197.4,154.4,535.2,326.5,112.4,106.55,319.3,252.0,539.5,95.75,179.2,310.0,196.1,43.97,353.6,23.3,29.3,147.0
2026-05-08,338.3,280.1,194.3,154.3,528.0,333.8,110.9,104.0,309.4,249.8,531.5,96.0,176.8,305.0,199.3,44.17,358.0,23.42,29.46,146.8
2026-05-11,338.3,280.1,192.8,154.3,528.0,337.4,110.9,104.0,309.4,249.8,531.5,96.0,176.5,305.0,199.3,44.17,358.0,23.42,29.46,146.8
